lat,lng,qty
37.510141,126.939452,3
37.512401,126.937588,3
37.507402,126.941599,3
37.511299,126.94531,1
37.508595,126.941561,1
37.509271,126.937572,1
37.511253,126.942072,1
37.5097,126.955522,1
37.511993,126.95097,3
37.492257,126.954596,3
37.494556,126.956525,4
37.502511,126.950148,4
37.502509,126.95185,4
37.501578,126.953161,4
37.496134,126.952592,4
37.503376,126.933614,4
37.504266,126.93464,3
37.503636,126.938269,3
37.506361,126.946482,3
37.502696,126.927738,3
37.495284,126.93111,3
37.496948,126.933476,4
37.49776,126.930216,4
37.499267,126.935076,3
37.495933,126.93643,4
37.500228,126.938806,4
37.498074,126.946702,5
37.505868,126.961821,3
37.504228,126.962923,1
37.508554,126.955996,3
37.503286,126.961867,3
37.50129,126.925405,4
37.501632,126.928497,2
37.50754,126.934881,4
37.513961,126.927954,4
37.502113,126.926474,3
37.498486,126.92241,3
37.489637,126.971126,3
37.485881,126.907861,3
37.488202,126.913845,3
37.489168,126.915635,2
37.489686,126.91114,4
37.489872,126.913336,3
37.496137,126.925826,3
37.497135,126.928482,3
37.495,126.926443,4
37.495315,126.923357,5
37.488725,126.981507,3
37.49718,126.98061,4
37.491329,126.978754,3
37.487471,126.979921,4
37.488666,126.978653,3
37.4788,126.975572,1
37.476405,126.972527,3
37.480336,126.975619,1
37.47717,126.974711,4
37.485536,126.97826,3
37.491442,126.98031,1
37.484973,126.978914,5
37.486125,126.970305,4
37.483101,126.967271,3
37.489331,126.964628,4
37.487015,126.965974,5
37.482635,126.971011,3
37.482728,126.97348,3
37.477351,126.970335,4
37.480667,126.973501,4
37.512362,126.942534,4
37.510953,126.956854,4
37.499693,126.95137,4
37.506506,126.950991,4
37.501462,126.933041,4
37.498969,126.94462,3
37.500512,126.934254,4
37.504835,126.971261,4
37.508022,126.96365,3
37.492523,126.979115,4
37.486923,126.975568,1
37.48628,126.971528,4
37.47911,126.972556,3
37.490168,126.964579,3
37.486624,126.967617,1
37.502094,126.927893,4
37.50689,126.933515,3
37.485264,126.904984,1
37.4939,126.925753,4
37.496934,126.929566,1
37.492062,126.914575,1
37.487677,126.912608,4
37.495509,126.926304,1
37.500997,126.948616,1
37.494577,126.932779,1
37.496504,126.938819,1
37.49773,126.947165,3
37.500251,126.962356,1
37.509785,126.934401,3
37.489607,126.962954,3
37.511247,126.954867,4
37.50678,126.957067,4
37.501089,126.952186,4
37.502801,126.945828,4
37.500733,126.938986,4
37.493446,126.931367,4
37.495792,126.929981,4
37.499117,126.942447,4
37.489549,126.971344,4
37.492633,126.976701,4
37.49055,126.98104,4
37.477791,126.978261,4
37.482028,126.969648,5
37.484122,126.968809,5
37.482189,126.975594,3
37.47732,126.980062,4
37.490057,126.909711,4
37.496973,126.924359,4
37.508377,126.940412,4
37.50806,126.93763,4
37.508992,126.960979,4
37.485208,126.979901,3
37.47837,126.977286,1
37.4799,126.97026,3
37.493465,126.954259,1
37.498074,126.941218,5
37.487844,126.91161,4
37.508871,126.936006,1
37.511584,126.957506,4
37.508094,126.939253,5
37.502087,126.94754,4
37.501368,126.938624,3
37.493876,126.931079,4
37.495272,126.94413,4
37.507815,126.958876,4
37.477385,126.972679,3
37.496431,126.982458,4
37.487183,126.970132,4
37.479738,126.96939,3
37.487723,126.964627,4
37.500313,126.925295,4
37.488631,126.911938,3
37.496716,126.922388,5
37.510583,126.948289,3
37.508437,126.935886,3
37.501223,126.950681,3
37.504868,126.934725,3
37.498655,126.931451,4
37.500302,126.93354,4
37.504363,126.96422,3
37.477737,126.975788,3
37.490807,126.981918,4
37.491504,126.969647,3
37.478304,126.971561,3
37.485368,126.968174,5
37.502806,126.922712,4
37.489546,126.912827,3
37.495693,126.924633,3
37.505206,126.969323,1
37.509006,126.946658,3
37.512502,126.947435,3
37.511304,126.955926,3
37.511681,126.944576,3
37.510838,126.942435,3
37.510234,126.946324,3
37.508077,126.951433,1
37.510286,126.955277,3
37.511645,126.936041,3
37.507002,126.936137,3
37.511515,126.937663,1
37.510085,126.937128,3
37.509453,126.938573,3
37.512797,126.936003,4
37.509686,126.936748,3
37.505059,126.936838,3
37.506745,126.945935,3
37.502136,126.93706,1
37.502527,126.939514,3
37.503809,126.94488,3
37.504774,126.940745,3
37.50554,126.946776,3
37.495338,126.935133,3
37.501938,126.929044,1
37.502663,126.929259,3
37.500765,126.930296,3
37.503008,126.932949,3
37.494809,126.934709,3
37.49783,126.932901,3
37.500347,126.936413,3
37.496815,126.945867,3
37.494863,126.938693,3
37.498689,126.939487,3
37.501525,126.935744,3
37.4975,126.934634,3
37.496808,126.937804,3
37.49706,126.941474,3
37.509772,126.933194,1
37.510421,126.934101,3
37.49879,126.924367,3
37.500651,126.929372,3
37.50409,126.92266,3
37.503972,126.924172,3
37.498445,126.920952,3
37.492078,126.913195,1
37.489967,126.912259,1
37.48652,126.909988,3
37.493399,126.9149,3
37.487625,126.908275,3
37.487627,126.909689,3
37.488902,126.911369,3
37.496297,126.916212,1
37.497724,126.925845,3
37.495038,126.925117,1
37.493847,126.926309,1
37.497508,126.929073,1
37.497321,126.926859,3
37.493351,126.961114,3
37.497876,126.955321,3
37.50031,126.951381,1
37.498092,126.951464,3
37.503997,126.9682,3
37.496179,126.938547,3
37.505459,126.956084,1
37.503404,126.962272,1
37.478834,126.979016,3
37.482682,126.976209,3
37.47706,126.97157,3
37.478328,126.98003,1
37.496509,126.980595,3
37.486286,126.981138,3
37.489088,126.98055,5
37.491017,126.977737,1
37.486837,126.97713,2
37.490157,126.970926,3
37.492615,126.969257,3
37.484446,126.972755,3
37.478817,126.971481,1
37.482977,126.972734,3
37.481357,126.971607,1
37.484012,126.971807,1
37.484065,126.967635,3
37.499024,126.951945,3
37.484575,126.969349,3
37.511769,126.943357,3
37.512937,126.956204,3
37.504012,126.946007,3
37.505197,126.968238,3
37.480008,126.976487,3
37.489448,126.979927,4
37.487172,126.981628,3
37.483017,126.972059,3
37.513546,126.927093,3
37.496799,126.921268,3
37.50932,126.956989,3
37.509556,126.958052,3
37.509986,126.958867,2
37.509083,126.958717,2
37.509057,126.957812,2
37.508609,126.956737,4
37.509276,126.959515,2
37.496169,126.926774,3
37.509867,126.941307,3
37.511058,126.943087,3
37.483324,126.969946,3
37.488435,126.912668,3
37.504369,126.970485,3
37.513025,126.943763,3
37.510455,126.951117,3
37.509344,126.944765,3
37.507703,126.943031,3
37.507792,126.93603,4
37.510858,126.937069,3
37.503084,126.937737,3
37.504322,126.936017,3
37.503191,126.944858,3
37.493222,126.932943,3
37.502316,126.932906,3
37.499189,126.93122,3
37.501751,126.936451,3
37.499179,126.938968,3
37.497119,126.934927,3
37.505018,126.924775,3
37.506328,126.934142,3
37.499062,126.925253,3
37.489617,126.909452,3
37.490321,126.910814,3
37.490055,126.90881,4
37.490071,126.912864,3
37.497688,126.922301,3
37.494671,126.925682,3
37.497733,126.923779,3
37.503736,126.953605,3
37.493657,126.955347,3
37.50263,126.952966,3
37.494666,126.957619,4
37.506576,126.949675,3
37.500503,126.931222,3
37.499071,126.936423,3
37.50574,126.956671,4
37.508202,126.962202,3
37.503354,126.964189,4
37.506736,126.960103,3
37.479497,126.979406,5
37.481499,126.975679,5
37.479149,126.9749,4
37.477791,126.979548,3
37.477572,126.976136,4
37.495837,126.981921,3
37.490564,126.981049,3
37.486061,126.9795,3
37.491784,126.970536,3
37.487375,126.968233,3
37.492846,126.967497,3
37.482706,126.974581,3
37.478163,126.972464,3
37.480995,126.968574,4
37.491464,126.963371,3
37.482142,126.967531,3
37.487781,126.965904,4
37.496829,126.920797,3
37.49628,126.923564,3
37.511964,126.947494,4
37.5090167,126.939125,4
37.502951,126.936497,4
37.493412,126.932411,4
37.497827,126.936121,4
37.508005,126.958014,4
37.504517,126.967404,4
37.483805,126.980926,5
37.479556,126.977302,5
37.4778,126.977614,4
37.488634,126.980217,4
37.491923,126.977129,4
37.486484,126.9792,4
37.482242,126.972893,4
37.482603,126.967853,3
37.497172,126.926814,3
37.49622,126.934164,3
37.497497,126.936865,4
37.513063,126.942066,4
37.511822,126.937035,3
37.50329,126.95339,4
37.503677,126.93725,4
37.499398,126.929952,4
37.507259,126.962844,4
37.478254,126.976625,5
37.485534,126.981091,4
37.484186,126.973154,4
37.483839,126.970505,5
37.484348,126.96853,4
37.501014,126.927511,4
37.499673,126.933764,4
37.488065,126.91077,4
37.506076,126.940411,4
37.511219,126.939273,4
37.502657,126.948749,4
37.502854,126.930206,3
37.502821,126.93455,4
37.49539,126.937463,5
37.507693,126.96169,3
37.506475,126.938163,4
37.476259,126.971123,4
37.489482,126.981733,5
37.499218,126.923754,4
37.488652,126.90967,4
37.501576,126.934462,4
37.500714,126.934924,3
37.500158,126.935159,4
37.498462,126.934862,4
37.500382,126.939761,4
37.496874,126.940733,4
37.498886,126.942298,4
37.495547,126.943389,5
37.499455,126.939855,3
37.49659,126.94704,4
37.501938,126.941086,4
37.50795,126.960205,4
37.491031,126.908983,4
37.496828,126.923147,4
37.512963,126.945845,3
37.509969,126.938013,4
37.49729,126.952246,5
37.499981,126.930574,4
37.507791,126.957456,4
37.479316,126.978043,4
37.489893,126.979508,6
37.498858,126.928556,4
37.490214,126.91194,3
37.487114,126.911346,4
37.51202,126.944927,3
37.494877,126.936618,5
37.501124,126.934185,3
37.505655,126.95534,4
37.488151,126.982041,4
37.484672,126.977614,3
37.505568,126.924275,5
37.510772,126.934698,3
37.493633,126.913442,3
37.503346,126.950672,3
37.502214,126.938419,4
37.501278,126.929692,2
37.494271,126.93555,4
37.504873,126.97008,2
37.491586,126.977955,2
37.477844,126.969411,4
37.483996,126.969299,3
37.496839,126.936587,3
37.502729,126.926715,4
37.50071,126.949216,3
37.507312,126.929554,3
37.509762,126.928203,5
37.503605,126.930789,2
37.51348,126.949172,3
37.510139,126.962997,6
37.502832,126.978479,4
37.498183,126.921951,4
37.480192,126.969925,1
37.498835,126.944981,1
37.510694,126.954264,4
37.500643,126.930222,1
37.494448,126.91249,2
37.496129,126.939241,1
37.496589,126.978767,2
37.492122,126.955625,4
37.506938,126.951721,2
37.503157,126.942867,1
37.481829,126.973922,2
37.493729,126.952993,1
37.506877,126.935259,4
37.503902,126.932515,1
37.508747,126.943188,4
37.507588,126.95425,1
37.509515,126.955397,1
37.493161,126.935217,2
37.485484,126.967198,1
37.501598,126.951054,1
37.483475,126.967874,1
37.50658,126.925766,1
37.503954,126.967973,1
37.480565,126.980006,3
37.485543,126.97493,3
37.504794,126.943821,1
37.500072,126.949559,6
37.496979,126.933958,1
37.486845,126.969743,2
37.494121,126.91305,1
37.495444,126.940759,1
37.492494,126.943075,1
37.485934,126.964387,1
37.506651,126.964084,1
37.482204,126.969545,1
37.478152,126.970144,1
37.480051,126.973159,1
37.479996,126.974022,1
37.476951,126.980634,3
37.488404,126.97428,2
37.49387,126.980199,3
37.496645,126.932071,2
37.50547,126.941989,2
37.486202,126.965725,2
37.503298,126.954376,2
37.487415,126.965383,2
37.495177,126.929625,2
37.506493,126.937574,1
37.506531,126.949769,1
37.506467,126.949816,1
37.487257,126.974419,1
37.506002,126.951703,3
37.51011,126.95325,1
37.4878,126.97528,1
37.51118,126.94845,1
37.50871,126.96404,1
37.50985,126.92652,1
37.50582,126.96111,1
37.49304,126.97579,1
37.50847,126.93271,1
37.4886,126.96466,1
37.4995,126.93518,4
37.50597,126.9522,1
37.50071,126.9451,5
37.50116,126.93692,4
37.5002,126.92668,4
37.49537,126.91649,4
37.4818,126.97953,4
37.48588,126.9753,3
37.48111,126.96585,3
37.51049,126.94039,4
37.5048,126.95201,4
37.51187,126.94145,4
37.488,126.91316,3
37.5111,126.95409,2
37.48745,126.97505,4
37.50051,126.93667,2
37.51084,126.92588,4
37.4885,126.96374,3
37.5096,126.94883,3
37.50803,126.96289,3
37.49842,126.94507,4
37.50896,126.94113,4
37.49894,126.93265,3
37.49782,126.92711,3
37.48984,126.97217,3
37.49374,126.93621,3
37.50473,126.92326,4
37.50165,126.96363,4
37.50226,126.94654,3
37.49521,126.95232,3
37.49927,126.92097,4
37.49537,126.91649,4
37.50887,126.93229,4
37.50711,126.94816,5
37.49972,126.94293,4
37.50505,126.95381,4
37.48702,126.974,4
37.49464,126.97829,4
37.50112,126.96022,4
37.50738,126.96166,4
37.48201,126.96671,4
37.48268,126.96836,3
37.50883,126.96161,5
37.49577,126.95301,5
37.5084,126.94379,3
37.50981,126.94282,4
37.49751,126.9441,4
37.49876,126.93719,4
37.48859,126.90777,5
37.50931,126.92825,3
37.49551,126.91282,3
37.5012,126.93997,3
37.49612,126.94075,4
37.5063,126.95514,3
37.50406,126.95026,5
37.49321,126.93579,3
37.49921,126.92657,4
37.50721,126.95188,4
37.4829,126.9776,4
37.49987,126.96193,4
37.48507,126.97234,4
37.49787,126.95028,2
37.50434,126.96525,3
37.48395,126.9684,3
37.49711,126.9451,3
37.49666,126.93526,3
37.49353,126.97809,4
37.50402,126.95177,3
37.51186,126.94026,3
37.50874,126.92528,3
37.51118,126.92836,3
37.49913,126.94387,4
37.50363,126.96092,3
37.48839,126.96612,3
37.49724,126.95031,3
37.4976,126.93523,4
37.49971,126.96076,3
37.50557,126.96624,3
37.48276,126.97952,4
37.50781,126.93024,3
37.50647,126.95212,4
37.4854,126.97315,4
37.48881,126.91243,5
37.49814,126.93732,5
37.49551,126.98248,3
37.51092,126.92659,4
37.50019,126.92771,3
37.49721,126.94395,4
37.49547,126.95194,3
37.49931,126.94552,4
37.50591,126.9412,4
37.50813,126.94824,3
37.50697,126.9323,4
37.50919,126.95076,4
37.501019,126.943881,3
37.48819,126.975792,4
37.49983,126.94203,2
37.4995,126.94282,1
37.4979,126.94431,1
37.4977,126.94503,1
37.4977,126.94503,1
37.49588,126.94459,1
37.49419,126.94404,1
37.49561,126.94529,1
37.49508,126.94577,1
37.49669,126.94631,1
37.49638,126.9465,1
37.49601,126.94675,1
37.48606,126.90677,4
37.48598,126.90624,4
37.48822,126.9089,1
37.49662,126.93079,1
37.49579,126.93036,1
37.49468,126.93133,1
37.49605,126.93127,1
37.49572,126.93159,1
37.49546,126.9319,1
37.49507,126.93322,1
37.48345,126.97955,4
37.48225,126.97957,4
37.48125,126.97942,4
37.48065,126.97811,3
37.48179,126.97808,5
37.48281,126.97824,5
37.48243,126.97686,4
37.48075,126.977,1
37.48124,126.98004,4
37.49729,126.93119,1
37.49627,126.93218,3
37.49612,126.93035,1
37.4859,126.97548,3
37.4822,126.97188,3
37.48185,126.97253,3
37.48125,126.97262,2
37.4811,126.97253,4
37.48114,126.97325,4
37.48348,126.97859,3
37.4823,126.98009,4
37.48055,126.98075,5
37.48169,126.98089,5
37.48273,126.98095,4
37.48605,126.98008,5
37.47816,126.97044,3
37.48958,126.91382,2
37.48681,126.90915,1
37.50773,126.96109,1
37.51246,126.94431,1
37.51052,126.9446,1
37.48758,126.98109,1
37.5,126.9324,1
37.49163,126.9247,1
37.49979,126.92245,1
37.51558,126.94055,1
37.48328,126.97456,1
37.50799,126.963,1
37.50907,126.9241,1
37.50808,126.94732,1
37.50618,126.96121,1
37.49483,126.91464,1
37.49308,126.92325,1
37.48431,126.97888,1
37.49965,126.92812,1
37.48427,126.97195,1
37.4887,126.97839,1
37.49743,126.9525,1
37.48664,126.90754,1
37.50557,126.96624,1
37.47732,126.98004,1
37.5139,126.92794,1
37.50525,126.94426,1
37.50125,126.94124,1
37.49724,126.95031,1
37.48423,126.98095,1
37.51194,126.92634,1
37.51471,126.93591,1
37.5155,126.93949,1
37.50463,126.93741,1
37.48185,126.97253,1
37.4978,126.92404,1
37.48802,126.9728,1
37.48887,126.97366,1
37.50521,126.946634,1
37.504028,126.947027,1
37.509961,126.960359,1
37.509137,126.960792,1
37.504668,126.960846,1
37.51202,126.9427,1
37.51035,126.93623,1
37.5017,126.95204,1
37.50455,126.93697,1
37.49793,126.93162,1
37.49827,126.94311,1
37.50662,126.96313,1
37.47831,126.9807,1
37.49117,126.98079,1
37.4923,126.96877,1
37.48176,126.97133,1
37.48449,126.96823,1
37.50028,126.92447,1
37.48892,126.91199,1
37.49819,126.92926,1
37.50844,126.96199,1
37.51048,126.93605,1
37.50727,126.96521,1
37.50443,126.96934,1
37.50828,126.96308,10
37.51505,126.95104,4
37.51617,126.94412,9
37.51432,126.93069,9
37.48558,126.90698,5
37.48797,126.91331,2
37.51333,126.92688,6
37.51286,126.95579,5
37.50058,126.95353,1
37.502252,126.94628,8
37.47732,126.9816,1
37.48497,126.90583,1
37.48695,126.91203,1
37.48911,126.91549,1
37.48989,126.9171,1
