name,lat,lng,category,address
24시짜장우동,37.4678717,126.9022058,음식점 > 중식 > 중국요리,서울 금천구 독산로 236
24시뼈다귀전주식당,37.46496596,126.9317212,음식점 > 한식 > 감자탕,서울 관악구 호암로 530
미르보드카페 미림점 & 무인 24시 카페,37.46475333,126.9317316,"가정,생활 > 여가시설 > 보드카페",서울 관악구 호암로 528
24시글로리동물병원,37.4767289,126.8982554,"가정,생활 > 반려동물 > 동물병원",서울 금천구 시흥대로 483
24시한국장,37.48064248,126.9064866,음식점 > 한식,서울 관악구 남부순환로 1403
푸르지오24시사우나,37.48060695,126.9094567,"가정,생활 > 목욕탕,사우나",서울 금천구 남부순환로 1428
쑥고개사우나 24시찜질방,37.47757102,126.9381234,"가정,생활 > 목욕탕,사우나 > 찜질방",서울 관악구 쑥고개로 9
청룡24시불한증막,37.47902253,126.9473919,"가정,생활 > 목욕탕,사우나 > 찜질방",서울 관악구 쑥고개로 100
24시굿케어동물의료센터,37.4798896,126.957042,"가정,생활 > 반려동물 > 동물병원",서울 관악구 남부순환로 1861
동아24시사우나,37.47707091,126.961308,"가정,생활 > 목욕탕,사우나",서울 관악구 봉천로 576
24시만화방,37.48457557,126.9011891,"가정,생활 > 여가시설 > 만화방",서울 구로구 디지털로32나길 38
24시공단사우나,37.48435378,126.9031929,"가정,생활 > 목욕탕,사우나",서울 관악구 시흥대로 578
라이아스 커피 24시 프리미엄 무인셀프카페,37.48422061,126.9216657,음식점 > 카페 > 테마카페 > 무인카페,서울 관악구 남부순환로163나길 2
24시만화카페,37.48564808,126.9292455,"가정,생활 > 여가시설 > 만화방 > 만화카페",서울 관악구 신림로 351
24시서울밥집 봉천점,37.48170348,126.9425509,음식점 > 한식,서울 관악구 장군봉1길 45
24시옛날집,37.48231737,126.9491217,"음식점 > 한식 > 찌개,전골",서울 관악구 봉천로 444
관악프라자24시불가마사우나,37.48358845,126.9551766,"가정,생활 > 목욕탕,사우나",서울 관악구 관악로 212
24시사계스터디카페 남성역점 1관,37.48406126,126.9720332,"서비스,산업 > 전문대행 > 공간대여 > 스터디카페,스터디룸",서울 동작구 사당로 216
24시만화방,37.485656,126.9808146,"가정,생활 > 여가시설 > 만화방",서울 동작구 동작대로27가길 44
보라매 24시한증막사우나찜질방,37.49049587,126.924036,"가정,생활 > 목욕탕,사우나",서울 동작구 보라매로5가길 24
24시전주콩나물국밥,37.48712728,126.9258938,음식점 > 한식 > 국밥,서울 관악구 신림동길 26
24시 옛날농장,37.48808856,126.9301624,"음식점 > 한식 > 육류,고기",서울 관악구 봉천로 262
24시 아이스크림 할인점 우리 집 냉장고,37.48787319,126.930114,"가정,생활 > 식품판매 > 아이스크림판매",서울 관악구 봉천로14길 6
24시전주명가콩나물국밥 봉천점,37.48708792,126.9464296,음식점 > 한식 > 국밥,서울 관악구 은천로 99
홍루이젠 이수역점 (24시 무인매장),37.48759035,126.9801176,음식점 > 패스트푸드 > 샌드위치 > 홍루이젠,서울 동작구 동작대로27길 34
24시 데이원 동물의료센터,37.49011621,126.9822145,"가정,생활 > 반려동물 > 동물병원",서울 동작구 동작대로 151
24시사계스터디카페 이수역점,37.48874549,126.9804068,"서비스,산업 > 전문대행 > 공간대여 > 스터디카페,스터디룸",서울 동작구 동작대로29나길 15
청수24시사우나,37.49376732,126.8986666,"가정,생활 > 목욕탕,사우나",서울 영등포구 도림로 150
24시무인&셀프카페다온 상도점,37.49705989,126.9317169,음식점 > 카페 > 테마카페 > 무인카페,서울 동작구 국사봉1길 101
신풍24시불한증막사우나,37.5014488,126.9012709,"가정,생활 > 목욕탕,사우나",서울 영등포구 가마산로48길 16
바로뽑아먹는짜장24시 2호점,37.50051975,126.9202125,음식점 > 중식 > 중국요리,서울 영등포구 여의대방로 149
24시2층회포차,37.4990756,126.9274505,음식점 > 일식,서울 동작구 여의대방로24길 134
24시무인카페 별밤,37.50201865,126.9447848,음식점 > 카페 > 테마카페 > 무인카페,서울 동작구 장승배기로10길 130
건영스파24시불한증막사우나,37.50624311,126.9013505,"가정,생활 > 목욕탕,사우나",서울 영등포구 도림로 323
24시 무인카페 만월경 신길점,37.50727306,126.9129363,음식점 > 카페 > 테마카페 > 무인카페 > 카페만월경,서울 영등포구 신길로42길 22-1
서부청기와감자탕24시 신길점,37.50721826,126.9107411,음식점 > 한식 > 감자탕,서울 영등포구 신길로 169
장성24시그랜드보석사우나,37.50791231,126.9396241,"가정,생활 > 목욕탕,사우나 > 찜질방",서울 동작구 장승배기로 113
24시 품 동물의료센터,37.50438495,126.9493894,"가정,생활 > 반려동물 > 동물병원",서울 동작구 양녕로 277-1
24시무인카페 온커피 도림동점,37.51013838,126.8984261,음식점 > 카페 > 테마카페 > 무인카페,서울 영등포구 도림로 369-10
잔치집24시,37.51126679,126.9148262,음식점 > 한식,서울 영등포구 도신로54길 3
24시시유동물메디컬센터,37.52000455,126.9698717,"가정,생활 > 반려동물 > 동물병원",서울 용산구 이촌로64길 24
24시무인셀프카페 원효로점,37.53386246,126.9500687,음식점 > 카페,서울 용산구 원효로 51
24시 무인 아이스크림 할인점,37.53506065,126.9712844,"가정,생활 > 슈퍼마켓",서울 용산구 백범로99길 40
백억커피 봉천역점,37.48175154,126.9413479,음식점 > 카페 > 커피전문점 > 백억커피,서울 관악구 장군봉1길 24
과일담은 요거트 맛집 요맛 신림점,37.48768866,126.9304161,음식점 > 카페 > 테마카페 > 디저트카페 > 과일담은요거트맛집요맛,서울 관악구 신림로70길 27
홈인팜스,37.49923702,126.9276765,음식점 > 카페 > 생과일전문점,서울 동작구 여의대방로24길 137
맥도날드 숭실대점,37.4951364,126.9569066,음식점 > 패스트푸드 > 맥도날드,서울 동작구 사당로 22
맥도날드 노량진점,37.5135185,126.9435581,음식점 > 패스트푸드 > 맥도날드,서울 동작구 노량진로 158
맥도날드 중앙대점,37.50613301,126.9589632,음식점 > 패스트푸드 > 맥도날드,서울 동작구 흑석로 84
맥도날드 신림점,37.48197882,126.9301557,음식점 > 패스트푸드 > 맥도날드,서울 관악구 신림로 310
맥도날드 보라매점,37.50025118,126.9200985,음식점 > 패스트푸드 > 맥도날드,서울 영등포구 여의대방로 145
맥도날드 이수점,37.48464234,126.9806464,음식점 > 패스트푸드 > 맥도날드,서울 동작구 사당로 300
맥도날드 영등포점,37.51698279,126.9076753,음식점 > 패스트푸드 > 맥도날드,서울 영등포구 경인로 855
KFC 상도역점,37.50356169,126.9479005,음식점 > 패스트푸드 > KFC,서울 동작구 양녕로 259
KFC 신림역점,37.48241133,126.9302095,음식점 > 패스트푸드 > KFC,서울 관악구 신림로 318
버거킹 신대방삼거리역점,37.49986451,126.9298077,음식점 > 패스트푸드 > 버거킹,서울 동작구 상도로 83
버거킹 당곡역점,37.49059149,126.927072,음식점 > 패스트푸드 > 버거킹,서울 관악구 보라매로 13
버거킹 서울대입구역점,37.48136165,126.9496989,음식점 > 패스트푸드 > 버거킹,서울 관악구 남부순환로 1796
버거킹 신림역점,37.48272123,126.9301324,음식점 > 패스트푸드 > 버거킹,서울 관악구 신림로 318
버거킹 노량진역점,37.51351824,126.9430265,음식점 > 패스트푸드 > 버거킹,서울 동작구 노량진로 154-1
버거킹 낙성대점,37.47665003,126.9637909,음식점 > 패스트푸드 > 버거킹,서울 관악구 남부순환로 1934
버거킹 신길점,37.51260191,126.9171253,음식점 > 패스트푸드 > 버거킹,서울 영등포구 도신로 237
버거킹 신림미림여고입구점,37.47154709,126.9335523,음식점 > 패스트푸드 > 버거킹,서울 관악구 신림로 141
버거킹 사당역점,37.47849938,126.9813998,음식점 > 패스트푸드 > 버거킹,서울 동작구 동작대로 21
버거킹 구로점,37.4824397,126.9006141,음식점 > 패스트푸드 > 버거킹,서울 구로구 시흥대로 551
버거킹 용산이마트점,37.52956127,126.9657746,음식점 > 패스트푸드 > 버거킹,서울 용산구 한강대로23길 55
버거킹 구로전화국사거리점,37.48012404,126.9037975,음식점 > 패스트푸드 > 버거킹,서울 관악구 남부순환로 1377
버거킹 국제점,37.5279905,126.9678117,음식점 > 패스트푸드 > 버거킹,서울 용산구 한강대로 92
버거킹 영등포KT점,37.52711542,126.9053493,음식점 > 패스트푸드 > 버거킹,서울 영등포구 영중로 119
버거킹 금천독산점,37.47102152,126.8978155,음식점 > 패스트푸드 > 버거킹,서울 금천구 시흥대로 421
롯데리아 서울대입구역점,37.48005532,126.9521837,음식점 > 패스트푸드 > 롯데리아,서울 관악구 관악로 165
롯데리아 이수역점,37.48837091,126.9819446,음식점 > 패스트푸드 > 롯데리아,서울 동작구 동작대로 129
롯데리아 구로디지털역점,37.48428881,126.9030754,음식점 > 패스트푸드 > 롯데리아,서울 관악구 시흥대로 578
써브웨이 신림역점,37.48550704,126.9299489,음식점 > 패스트푸드 > 샌드위치 > 써브웨이,서울 관악구 신림로 350
써브웨이 노량진역점,37.51351187,126.9428794,음식점 > 패스트푸드 > 샌드위치 > 써브웨이,서울 동작구 노량진로 152-1
써브웨이 이수역,37.48736538,126.9818748,음식점 > 패스트푸드 > 샌드위치 > 써브웨이,서울 동작구 동작대로 119-1
스토리웨이 용산전철역점,37.53008074,126.9643794,"가정,생활 > 편의점",서울 용산구 한강대로23길 55
카페만월경 상도점,37.49588446,126.9527605,음식점 > 카페 > 테마카페 > 무인카페 > 카페만월경,서울 동작구 상도로54길 38
카페만월경 사당점,37.48928911,126.962939,음식점 > 카페 > 테마카페 > 무인카페 > 카페만월경,서울 동작구 사당로2가길 107
카페만월경 병무청역점,37.50610716,126.9219595,음식점 > 카페 > 테마카페 > 무인카페 > 카페만월경,서울 영등포구 가마산로89길 19
카페만월경 신풍역점,37.4992085,126.9121857,음식점 > 카페 > 테마카페 > 무인카페 > 카페만월경,서울 영등포구 대방천로 191
카페만월경 이수점,37.48553952,126.9793188,음식점 > 카페 > 테마카페 > 무인카페 > 카페만월경,서울 동작구 사당로29가길 12
카페만월경,37.4807873,126.9776818,음식점 > 카페 > 테마카페 > 무인카페 > 카페만월경,서울 동작구 동작대로9길 70
카페만월경 신림점,37.48084814,126.907929,음식점 > 카페 > 테마카페 > 무인카페 > 카페만월경,서울 관악구 남부순환로 1415
카페만월경 영등포로터리점,37.5184556,126.9131824,음식점 > 카페 > 테마카페 > 무인카페 > 카페만월경,서울 영등포구 경인로114길 6
카페만월경 대림점,37.4865867,126.9002072,음식점 > 카페 > 테마카페 > 무인카페 > 카페만월경,서울 영등포구 도림천로19길 11
카페만월경 구로디지털점,37.48294705,126.8985862,음식점 > 카페 > 테마카페 > 무인카페 > 카페만월경,서울 구로구 디지털로32가길 16
카페만월경 영등포도림점,37.50919746,126.8960409,음식점 > 카페 > 테마카페 > 무인카페 > 카페만월경,서울 영등포구 도영로7길 8
카페만월경 용산점,37.53295566,126.9740877,음식점 > 카페 > 테마카페 > 무인카페 > 카페만월경,서울 용산구 한강대로62다길 16
카페만월경 독산점,37.47569096,126.8982862,음식점 > 카페 > 테마카페 > 무인카페 > 카페만월경,서울 금천구 시흥대로 471-1
카페만월경 시흥점,37.46239182,126.9090537,음식점 > 카페 > 테마카페 > 무인카페 > 카페만월경,서울 금천구 독산로50길 90
싸다김밥 노량진역점,37.51342577,126.9418638,음식점 > 분식 > 싸다김밥,서울 동작구 노량진로 144
셀프리커피,37.49759549,126.9221686,음식점 > 카페,서울 동작구 여의대방로22길 40
티엠아이무인라면,37.49593683,126.95305,"가정,생활 > 식품판매",서울 동작구 상도로58길 4
원트무인카페 상도점,37.49840162,126.9521347,음식점 > 카페 > 테마카페 > 무인카페,서울 동작구 상도로 337
찬늘무인24,37.48637692,126.9503084,"가정,생활 > 식품판매 > 아이스크림판매",서울 관악구 은천로 134
달빛채 무인아이스크림,37.48691111,126.9545075,"가정,생활 > 식품판매 > 아이스크림판매",서울 관악구 은천로37길 17
무인플러스 카페버튼,37.50020215,126.9309405,음식점 > 카페 > 테마카페 > 무인카페,서울 동작구 상도로 95
DC365 무인편의점 관악드림점,37.4879145,126.9492762,"가정,생활 > 편의점",서울 관악구 은천로25길 27
클릭무인카페,37.48455359,126.9489166,음식점 > 카페,서울 관악구 양녕로6나길 18
SNS무인분식 보라매자이점,37.49859846,126.9251904,음식점 > 분식,서울 동작구 여의대방로22길 121
무인카페별밤,37.48816085,126.9595825,음식점 > 카페 > 테마카페 > 무인카페,서울 관악구 청림길 14-1
에너지바 무인아이스크림 과자할인점 팩트,37.49205568,126.9589257,음식점 > 간식 > 아이스크림,서울 관악구 관악로40길 47
룰루랄라무인아이스크림,37.4849745,126.9584795,"가정,생활 > 식품판매 > 아이스크림판매",서울 관악구 관악로28길 44
무인아이스크림,37.50246286,126.9633465,"가정,생활 > 식품판매 > 아이스크림판매",서울 동작구 서달로 90
행운무인카페,37.47961366,126.9589461,음식점 > 카페 > 테마카페 > 무인카페,서울 관악구 행운길 9
무인 아이스크림,37.50659941,126.9665169,"가정,생활 > 식품판매",서울 동작구 흑석한강로 2
에스엔에스무인분식 여의대방점,37.50442492,126.9232506,"가정,생활 > 식품판매",서울 동작구 여의대방로36길 12
무인놀이터,37.5013913,126.9166876,음식점 > 카페,서울 영등포구 신풍로17길 16
홍루이젠 보라매자이점,37.49818711,126.9258376,음식점 > 패스트푸드 > 샌드위치 > 홍루이젠,서울 동작구 여의대방로22길 121
홍루이젠 대방점,37.50414721,126.922941,음식점 > 패스트푸드 > 샌드위치 > 홍루이젠,서울 동작구 대방동23길 44
홍루이젠 흑석중앙대점,37.50881164,126.961441,음식점 > 패스트푸드 > 샌드위치 > 홍루이젠,서울 동작구 흑석로 115
씨스페이스24 렉스빌점,37.49527259,126.9424263,"가정,생활 > 편의점 > 씨스페이스24",서울 동작구 양녕로23길 9
에그카페24 상도점,37.4983544,126.943185,음식점 > 카페 > 커피전문점 > 에그카페24,서울 동작구 양녕로25길 10
신구멍가게24 상도점,37.49743465,126.9417009,"가정,생활 > 편의점",서울 동작구 양녕로25길 42
카페인24 관악드림타운점,37.48898221,126.9492924,음식점 > 카페 > 테마카페 > 무인카페 > 카페인24,서울 관악구 성현로 80
씨스페이스24 신림동양점,37.48661482,126.9306884,"가정,생활 > 편의점 > 씨스페이스24",서울 관악구 남부순환로181길 46
착한가게24,37.50391836,126.9456282,"가정,생활 > 식품판매",서울 동작구 상도로34길 19
만점24스터디카페 봉천점,37.48883866,126.9486299,"서비스,산업 > 전문대행 > 공간대여 > 스터디카페,스터디룸",서울 관악구 은천로25길 63
달콤24 관악성현점,37.48917548,126.9482667,"가정,생활 > 식품판매 > 아이스크림판매",서울 관악구 은천로25길 69
지니24스터디카페 장승배기역점,37.50295501,126.9362511,"서비스,산업 > 전문대행 > 공간대여 > 스터디카페,스터디룸",서울 동작구 상도로 152
라밥 신림점,37.48420793,126.9271947,음식점 > 분식,서울 관악구 남부순환로 1589
라밥 영등포역점,37.51686078,126.9060602,음식점 > 분식,서울 영등포구 영중로3길 1-2
라밥 노량진2호점,37.51230421,126.9441065,음식점 > 분식,서울 동작구 노량진로16길 29
라밥 관악점,37.49014652,126.925832,음식점 > 분식,서울 관악구 봉천로 217
라밥 노량진3호점,37.51259388,126.9450654,음식점 > 분식,서울 동작구 만양로14가길 22
라밥 서울대입구역점,37.48174802,126.951459,음식점 > 분식,서울 관악구 남부순환로 1811
라밥 낙성대점,37.477282,126.9620824,음식점 > 분식,서울 관악구 남부순환로 1916
라밥 맛있는우리동네식당 서울대2호점,37.47884159,126.9520013,음식점 > 분식,서울 관악구 쑥고개로 139
라밥 신대방2호점,37.48610525,126.9135307,음식점 > 분식,서울 관악구 난곡로 359
라밥 대방역점,37.51373909,126.9268549,음식점 > 분식,서울 영등포구 여의대방로62길 4
라밥 신길점,37.51782202,126.9129523,음식점 > 분식,서울 영등포구 경인로 900
라밥 이수2호점,37.48749412,126.9812223,음식점 > 분식,서울 동작구 동작대로27길 11
라밥 영등포2호점,37.51834637,126.9058615,음식점 > 분식,서울 영등포구 영중로 22
육전국밥 신대방삼거리역점,37.50002239,126.9286517,음식점 > 한식 > 국밥,서울 동작구 상도로 71
육전국밥 신림역점,37.48480893,126.9317688,음식점 > 한식 > 국밥,서울 관악구 남부순환로 1631
육전국밥 노량진역점,37.51356651,126.9441044,음식점 > 한식 > 국밥,서울 동작구 노량진로 162
육전국밥 서울대입구역점,37.47981562,126.9521115,음식점 > 한식 > 국밥,서울 관악구 관악로 163
육전국밥 이수역점,37.48415234,126.9816325,음식점 > 한식 > 국밥,서울 동작구 동작대로 85
육전국밥 여의도역점,37.52230003,126.9262255,음식점 > 한식 > 국밥,서울 영등포구 여의나루로 60
육전국밥 영등포시장역점,37.52113269,126.9052551,음식점 > 한식 > 국밥,서울 영등포구 영중로 56
육전한우국밥,37.51444885,126.8995571,음식점 > 한식 > 국밥,서울 영등포구 경인로 775
바로커피 사당1호점,37.48992205,126.970906,음식점 > 카페 > 테마카페 > 무인카페,서울 동작구 사당로23길 175
백억커피 신대방삼거리점,37.49904318,126.9335946,음식점 > 카페,서울 동작구 성대로 43
백억커피 동작구청점,37.50473452,126.9415233,음식점 > 카페 > 커피전문점 > 백억커피,서울 동작구 상도로30길 14
백억커피 서울대입구역점,37.48131958,126.9503547,음식점 > 카페 > 커피전문점 > 백억커피,서울 관악구 남부순환로 1802
백억커피 노량진역점,37.51310154,126.9385533,음식점 > 카페,서울 동작구 노량진로 114
백억커피 서원역점,37.47739869,126.9376736,음식점 > 카페,서울 관악구 쑥고개로 3
백억커피 낙성대점,37.47388665,126.9669351,음식점 > 카페 > 커피전문점 > 백억커피,서울 관악구 인헌길 35
백억커피 이촌점,37.52008818,126.9728852,음식점 > 카페 > 커피전문점 > 백억커피,서울 용산구 이촌로 248
백억커피 이수역점,37.48886098,126.9814221,음식점 > 카페 > 커피전문점,서울 동작구 동작대로29가길 23
백억커피 신길점,37.50572499,126.9080002,음식점 > 카페,서울 영등포구 가마산로 466
백억커피 신림난곡점,37.4750767,126.9170198,음식점 > 카페 > 커피전문점 > 백억커피,서울 관악구 난곡로 232-1
백억커피 구로점,37.48158603,126.9011986,음식점 > 카페 > 커피전문점 > 백억커피,서울 관악구 시흥대로160길 12
백억커피 신림점,37.48667237,126.9260401,음식점 > 카페,서울 관악구 신림동7길 8
보라매25시해장국,37.49966778,126.9235065,음식점 > 한식 > 해장국,서울 동작구 상도로 26-1
용문25시마트,37.48327256,126.92848,"가정,생활 > 슈퍼마켓",서울 관악구 남부순환로176길 16
25시감자탕제주통돼지,37.5114146,126.9148984,음식점 > 한식 > 감자탕,서울 영등포구 도신로 214
CVS25시편의점,37.47310268,126.9184509,"가정,생활 > 편의점",서울 관악구 난곡로 203
큰맘할매순대국 신대방삼거리역점,37.49898665,126.9293482,음식점 > 한식 > 순대 > 큰맘할매순대국,서울 동작구 국사봉1길 11
큰맘할매순대국 흑석동점,37.50804081,126.962794,음식점 > 한식 > 순대 > 큰맘할매순대국,서울 동작구 서달로 167
큰맘할매순대국 여의도역점,37.52101469,126.9239915,음식점 > 한식 > 순대 > 큰맘할매순대국,서울 영등포구 의사당대로 108
큰맘할매순대국 문래산들바다점,37.51939854,126.8982289,음식점 > 한식 > 순대 > 큰맘할매순대국,서울 영등포구 문래북로 116
큰맘할매순대국 당산점,37.52877696,126.90774,음식점 > 한식 > 순대 > 큰맘할매순대국,서울 영등포구 버드나루로 119
카페인24 관악동아타운점,37.48902584,126.9570775,음식점 > 카페 > 테마카페 > 무인카페 > 카페인24,서울 관악구 관악로37길 15
카페인24 사당롯데캐슬점,37.49075159,126.9634065,음식점 > 카페 > 테마카페 > 무인카페 > 카페인24,서울 동작구 사당로 90
카페인24 더샵파크프레스티지점,37.50858316,126.9167452,음식점 > 카페 > 테마카페 > 무인카페 > 카페인24,서울 영등포구 가마산로79길 37
커피무카 24 신림점,37.48313017,126.9255133,음식점 > 카페,서울 관악구 신원로3길 61
커피무카24 신림2호점,37.4850427,126.918231,"가정,생활 > 식품판매",서울 관악구 남부순환로161가길 9
상도고려왕족발보쌈애감자탕,37.49921991,126.9276867,"음식점 > 한식 > 육류,고기 > 족발,보쌈",서울 동작구 여의대방로24길 137
노량진수산시장 청양수산 횟집,37.51461049,126.9381132,"음식점 > 한식 > 해물,생선 > 회",서울 동작구 노들로 674
나주곰탕사당본점,37.47738914,126.9802288,음식점 > 한식 > 곰탕,서울 동작구 동작대로1길 18
갈매울감자탕,37.50440342,126.9504503,음식점 > 한식 > 감자탕,서울 동작구 양녕로 282-1
서울밥집 노량진점,37.51226932,126.9465903,음식점 > 한식,서울 동작구 만양로14길 44
끄트머리 노량진 수산시장,37.51485561,126.9365102,"음식점 > 한식 > 해물,생선",서울 동작구 노들로 674
사당아바이순대국해장국,37.48341355,126.9767302,음식점 > 한식 > 순대,서울 동작구 사당로 260
보라매25시해장국,37.49966778,126.9235065,음식점 > 한식 > 해장국,서울 동작구 상도로 26-1
담소소사골순대육개장 노량진점,37.51239789,126.9440611,음식점 > 한식 > 순대 > 담소소사골순대육개장,서울 동작구 노량진로16길 27
미들도어,37.50605301,126.9569433,음식점 > 카페 > 테마카페 > 디저트카페,서울 동작구 흑석로6길 12
왕돈까스왕냉면 동작점,37.504066,126.9380552,"음식점 > 일식 > 돈까스,우동",서울 동작구 상도로 170
더진국수육국밥 중앙대점,37.5072466,126.9588088,음식점 > 한식 > 국밥 > 더진국,서울 동작구 흑석로 83-1
원종동장터순대국,37.49094262,126.90856,음식점,서울 동작구 시흥대로 668
신의주찹쌀순대 숭실대점,37.49490219,126.9570424,음식점 > 한식 > 순대 > 신의주찹쌀순대,서울 동작구 상도로61길 37
전주할매집 신대방삼거리점,37.49882003,126.9294513,음식점 > 한식,서울 동작구 국사봉1길 18
충남식당,37.51462085,126.9372637,"음식점 > 한식 > 해물,생선 > 회",서울 동작구 노들로 674
노량진 전라도회양념,37.51518291,126.9386455,"음식점 > 한식 > 해물,생선 > 회",서울 동작구 노들로 674
롯데리아 용산역사점,37.52889767,126.9642024,음식점 > 패스트푸드 > 롯데리아,서울 용산구 한강대로23길 55
롯데리아 영등포역사역,37.51566821,126.9076657,음식점 > 패스트푸드 > 롯데리아,서울 영등포구 경인로 846
롯데리아 용산역사ST점,37.53004921,126.9644021,음식점 > 패스트푸드 > 롯데리아,서울 용산구 한강대로23길 55
피자보이시나 노량진점,37.5118507,126.9453872,음식점 > 양식 > 피자,서울 동작구 만양로14길 21
또순이회양념,37.51508702,126.9379273,"음식점 > 한식 > 해물,생선 > 회",서울 동작구 노들로 674
일성수산,37.51458632,126.9384107,"가정,생활 > 식품판매 > 수산물판매",서울 동작구 노들로 674
공주상회,37.51486669,126.9387102,"음식점 > 한식 > 해물,생선 > 회",서울 동작구 노들로 674
황금어장,37.51496765,126.9370972,음식점 > 일식,서울 동작구 노들로 674
올인베이커리 노량진점,37.5126474,126.943923,"음식점 > 간식 > 제과,베이커리",서울 동작구 노량진로16길 21
대신꽃게 노량진수산시장,37.51491733,126.9390789,"가정,생활 > 식품판매 > 수산물판매",서울 동작구 노들로 674
옛날짜장우동,37.50512391,126.9125939,음식점 > 중식 > 중국요리,서울 영등포구 가마산로 508
카페389,37.50994743,126.9465863,음식점 > 카페 > 테마카페 > 무인카페,서울 동작구 만양로8길 45
카페프리헷 흑석점,37.50734366,126.9665618,음식점 > 카페 > 테마카페 > 무인카페 > 카페프리헷,서울 동작구 현충로 115
양평감자탕,37.50859209,126.9623685,음식점 > 한식 > 감자탕,서울 동작구 서달로15길 16
CAFE노들,37.51287594,126.9513382,음식점 > 카페 > 테마카페 > 무인카페,서울 동작구 노량진로 227
더진국수육국밥 숭실대점,37.4947688,126.956934,음식점 > 한식 > 국밥 > 더진국,서울 동작구 상도로61길 38
카페신호,37.49332755,126.9145345,음식점 > 카페 > 테마카페 > 무인카페,서울 동작구 여의대방로10가길 9
퐁치커피익스프레스 이수역점,37.48183028,126.9757312,음식점 > 카페,서울 동작구 사당로20길 29
