name,lat,lng,address,score
GS25 시흥공구단지점,37.4411950687508,126.902873337405,서울 금천구 시흥대로 81,5
GS25 시흥대로2점,37.4404929878673,126.903742084573,서울 금천구 시흥대로 72,5
GS25 금천영림점,37.441925526901,126.905887289864,서울 금천구 시흥대로26길 37,5
CU 금천승리점,37.4421993434551,126.904648439154,서울 금천구 시흥대로26길 11,5
CU 시흥박미점,37.44361563191733,126.90451668655889,서울 금천구 시흥대로36길 8,5
CU 시흥공구단지점,37.4424171473624,126.903242407193,서울 금천구 시흥대로 93,5
GS25 광명G타워점,37.44623791193795,126.8943154577847,경기 광명시 소하로 190,5
세븐일레븐 금천힐스테이트점,37.445994647585074,126.90055611470152,서울 금천구 시흥대로 165,5
GS25 광명테크1점,37.444539147222,126.89392119603517,경기 광명시 하안로 60,5
GS25 광명테크3점,37.44464643469053,126.89399562866015,경기 광명시 하안로 60,5
CU 남서울풍림점,37.44706991384156,126.90206224294802,서울 금천구 시흥대로 165,5
GS25 금천하늘정원점,37.4472555413091,126.901003096,서울 금천구 시흥대로39길 48-16,5
이마트24 광명신촌2단지점,37.446556486703685,126.89388670525791,경기 광명시 소하로 189,5
CU 박미삼거리점,37.4477532358736,126.903588129227,서울 금천구 시흥대로 152,5
이마트24 금천별장점,37.4474306719316,126.909277486853,서울 금천구 금하로24길 81,5
GS25 금천문일점,37.4509310072122,126.900207142815,서울 금천구 시흥대로51길 23,5
CU 금천여름점,37.45005794861543,126.90130793223602,서울 금천구 시흥대로47길 18,5
GS25 광명신촌점,37.449201618745434,126.89361512816879,경기 광명시 신촌로 49,5
GS25 시흥뉴타운점,37.448771358159,126.903559699659,서울 금천구 독산로 3,5
CU 시흥사거리역점,37.4522777941739,126.902089358508,서울 금천구 시흥대로56길 8,5
세븐일레븐 금천은행나무로점,37.449917357592206,126.9034497348947,서울 금천구 은행나무로 6,5
CU 시흥독산로점,37.4496777795775,126.905796208917,서울 금천구 독산로 26-1,5
세븐일레븐 금천백산점,37.448575434697524,126.90417134675397,서울 금천구 독산로 10,5
세븐일레븐 시흥은행나무점,37.4514924600725,126.903610454204,서울 금천구 시흥대로50길 26,5
CU 금천은행나무점,37.4516299357395,126.904252212757,서울 금천구 독산로11길 31,5
GS25 시흥별장점,37.449099784045,126.908671982254,서울 금천구 금하로24가길 4,5
CU 시흥승리점,37.4502424843647,126.908950869341,서울 금천구 독산로10길 55,5
CU 시흥앨리점,37.4488491942711,126.909704091373,서울 금천구 금하로24나길 23,5
GS25 은행나무사거리점,37.452341510182,126.906217815284,서울 금천구 독산로 56,5
이마트24 금천대성점,37.45023636424756,126.90802867741581,서울 금천구 독산로10길 37,5
드림마트,37.45105084479744,126.90914766730707,서울 금천구 금하로 713,5
GS25 시흥금하로점,37.4503379161414,126.911220090446,서울 금천구 금하로 734,5
GS25 뉴시흥우방점,37.44992757593119,126.91313503532568,서울 금천구 금하로 750,5
GS25 금천탑골점,37.4507821450043,126.912467255999,서울 금천구 금하로29길 15,5
GS25 시흥5동점,37.452038123772,126.908846977279,서울 금천구 금하로23길 20,5
CU 시흥동일점,37.4498780942839,126.914472049234,서울 금천구 금하로 762-1,5
GS25 시흥탑스빌점,37.4491025049778,126.915983915044,서울 금천구 금하로30길 34,5
GS25 금천벽산타운점,37.449938884872,126.917603603056,서울 금천구 금하로 793,5
CU 시흥탑동점,37.4520734706614,126.913930456661,서울 금천구 탑골로 43,5
세븐일레븐 금천벽산1단지점,37.4517463437954,126.920268819454,서울 금천구 금하로 793,5
CU 서울대301동점,37.4501094999741,126.952669540365,서울 관악구 관악로 1,5
GS25 시흥사거리점,37.4548052746142,126.900102536619,서울 금천구 시흥대로 235,5
CU 금천홈풀러스점,37.45320268322481,126.8994062101161,서울 금천구 시흥대로59길 35,5
CU 시흥본점,37.454913711825164,126.90155246024321,서울 금천구 금하로 633,5
GS25 시흥만섬점,37.4536750096405,126.901781253588,서울 금천구 시흥대로52길 51,5
GS25 시흥데이콤점,37.4540353358094,126.897445322419,서울 금천구 금하로 597,5
세븐일레븐 금천희명점,37.4557142210568,126.900964822317,서울 금천구 시흥대로64길 13,5
CU 시흥금빛점,37.4536768078181,126.903969314504,서울 금천구 금하로 657,5
GS25 시흥초교점,37.455507612345,126.903903681086,서울 금천구 독산로25길 35,5
CU 뉴시흥첼시점,37.4535753221179,126.907775945957,서울 금천구 독산로22길 27,5
GS25 금천독산로점,37.455232400154,126.906774795557,서울 금천구 독산로24길 15,5
GS25 금천초교점,37.45348491341415,126.91089878612455,서울 금천구 독산로22가길 18,5
세븐일레븐 시흥초교점,37.4551525275305,126.906037991123,서울 금천구 독산로 86-1,5
이마트24 금천느티나무점,37.4564079103697,126.906381143482,서울 금천구 독산로28길 11,5
세븐일레븐 금천탑골점,37.4523872441967,126.911786148234,서울 금천구 탑골로3길 13,5
GS25 금천벽산하이퍼점,37.45349744340793,126.91957528112914,서울 금천구 금하로 793,5
세븐일레븐 서울대공학관점,37.45520898784552,126.95205600750097,서울 관악구 관악로 1,5
CU 서울대공존34점,37.456107069566976,126.95149709819022,서울 관악구 관악로 1,5
GS25 금나래아트홀점,37.4570660128547,126.896037414949,서울 금천구 시흥대로73길 70,5
GS25 금천구청점,37.45688491248582,126.89916053588173,서울 금천구 시흥대로73길 11,5
CU 금천교차로점,37.4575153113995,126.899855926959,서울 금천구 시흥대로 266,5
CU 시흥베르빌점,37.4577225096539,126.8977115497,서울 금천구 시흥대로77길 23,5
GS25 독산골드파크3차점,37.45937676225566,126.89666943549572,서울 금천구 시흥대로 291,5
GS25 금천나래점,37.45786156276037,126.9023228248503,서울 금천구 독산로41길 69,5
CU 금천해피점,37.4593080993967,126.901733196385,서울 금천구 시흥대로80길 38,5
GS25 금천햇빛점,37.4591017350377,126.900616750181,서울 금천구 시흥대로80길 17,5
세븐일레븐 금천롯데캐슬3차점,37.46011218618694,126.8979343536946,서울 금천구 시흥대로 291,5
CU 금천여울점,37.4598020659825,126.899839314036,서울 금천구 시흥대로78길 38,5
CU 금천독산로점,37.4572818836247,126.905239629525,서울 금천구 독산로 111,5
GS25 금천가온점,37.45799576685659,126.90447014993944,서울 금천구 독산로35길 13,5
GS25 관악휴먼시아점,37.460121540721,126.919360213095,서울 관악구 난곡로 53,5
세븐일레븐 서울대3식당점,37.45637703764059,126.94857186553064,서울 관악구 관악로 1,5
GS25 서울대중앙도서관점,37.45905192443054,126.95234742677494,서울 관악구 관악로 1,5
CU 서울대중앙도서관점,37.459277049414546,126.95203080480265,서울 관악구 관악로 1,5
세븐일레븐 서울대학생회관점,37.4591376771211,126.950535532768,서울 관악구 관악로 1,5
GS25 뉴독산캐슬점,37.46060133082072,126.8957499451541,서울 금천구 벚꽃로 40,5
GS25 금천은하수점,37.4612160597596,126.899140025877,서울 금천구 시흥대로90길 16,5
세븐일레븐 금천마루점,37.4634704043994,126.897066205125,서울 금천구 시흥대로 335,5
세븐일레븐 금천호정점,37.4611773383241,126.900227436896,서울 금천구 시흥대로88길 21,5
GS25 금천무지개점,37.4622483759032,126.900983332852,서울 금천구 시흥대로84마길 21,5
GS25 금천스타즈점,37.4609468843509,126.896279579558,서울 금천구 시흥대로 315,5
CU 롯데캐슬4차점,37.46118222948248,126.89648610137645,서울 금천구 시흥대로 315,5
GS25 금천해가든점,37.46060829663936,126.89246301667576,서울 금천구 벚꽃로6길 3,5
CU 금천블르빌점,37.4636745433914,126.899756154465,서울 금천구 시흥대로98길 30,5
CU 금천히어로점,37.4606213504999,126.903404325559,서울 금천구 독산로43가길 14,5
CU 금천한울점,37.4625758171828,126.904726560318,서울 금천구 독산로50길 10,5
GS25 금천한빛점,37.460948519444,126.906898815261,서울 금천구 독산로40길 45,5
CU 독산동길점,37.4631545923311,126.902912759585,서울 금천구 독산로51길 20,5
GS25 금천능선점,37.461598822139,126.904357055881,서울 금천구 독산로 159,5
GS25 독산초교점,37.4642771818802,126.900659635877,서울 금천구 시흥대로104길 54,5
CU 시흥믿음점,37.4614541217645,126.908222917641,서울 금천구 독산로40길 71,5
CU 시흥4동점,37.4623599066693,126.909740972329,서울 금천구 독산로50길 98,5
GS25 금천삼익점,37.46204318117874,126.91030651501364,서울 금천구 독산로50다길 2,5
GS25 금천대성점,37.4608992635032,126.910791652655,서울 금천구 독산로50다길 33,5
GS25 난향타운점,37.4624653845437,126.915929404049,서울 관악구 난향7길 2,5
GS25 신림정문점,37.4628740313656,126.917905905059,서울 관악구 난향길 18,5
이마트24 관악난향점,37.46088738795763,126.9193413057729,서울 관악구 난곡로 60,5
세븐일레븐 관악삼성점,37.461131378004865,126.92594205592638,서울 관악구 호암로 401,5
GS25 삼성산주공점,37.4631356021598,126.926541420347,서울 관악구 호암로 399,5
CU 서울대학교신양점,37.4628599914251,126.951097118668,서울 관악구 관악로 1,5
GS25 서울대관악사점,37.46145529708961,126.95808790371656,서울 관악구 관악로 1,5
세븐일레븐 서울대220동점,37.464405559899,126.954177472764,서울 관악구 관악로 1,5
세븐일레븐 서울대기숙사점,37.4634583875703,126.958488058298,서울 관악구 관악로 1,5
GS25 뉴시흥대로점,37.464699504266235,126.89720468522606,서울 금천구 시흥대로 349,5
CU 독산우시장점,37.466323650693,126.895746521419,서울 금천구 범안로 1206,5
GS25 금천행복점,37.4658306205733,126.89865002406,서울 금천구 시흥대로102길 54,5
CU 독산소비자점,37.4644846317092,126.89879200568,서울 금천구 시흥대로104길 20,5
CU 독산2동점,37.4663470410734,126.90202240667,서울 금천구 독산로 218,5
CU 금천수아주점,37.467906843189,126.896906386538,서울 금천구 시흥대로115길 13,5
CU 금천도당점,37.46511340276161,126.8955311708849,서울 금천구 범안로16길 33,5
GS25 독산우시장점,37.4666476745042,126.895361737807,서울 금천구 범안로 1201,5
세븐일레븐 독산정훈점,37.4655325017763,126.901991819099,서울 금천구 독산로 211,5
세븐일레븐 금천부창점,37.46660717952699,126.89957363686611,서울 금천구 범안로 1239,5
이마트24 금천점,37.465544743778004,126.89324268862812,서울 금천구 범안로12가길 27,5
세븐일레븐 독산점,37.4680887640909,126.898895666863,서울 금천구 시흥대로116길 2,5
세븐일레븐 독산더타워점,37.4661034213984,126.896335757787,서울 금천구 범안로 1212,5
CU 독산정훈점,37.4648704718277,126.903344601557,서울 금천구 독산로64길 10,5
GS25 독산하이점,37.4678158074564,126.900012880297,서울 금천구 독산로73길 33,5
세븐일레븐 금천보길점,37.46774016798578,126.90113773862106,서울 금천구 독산로73길 13,5
CU 금천파크점,37.4650388434311,126.906559154235,서울 금천구 독산로58나길 48,5
GS25 정훈사랑점,37.4665448517469,126.905951389947,서울 금천구 독산로64길 70,5
CU 독산AK점,37.4683385431345,126.904551945406,서울 금천구 독산로72길 50,5
이마트24 R관악신세계점,37.4645006297445,126.919613232436,서울 관악구 난곡로 100,5
세븐일레븐 관악난우점,37.467128731512695,126.92072838466734,서울 관악구 난곡로16길 3,5
GS25 신림주공점,37.466498846057604,126.92911316078431,서울 관악구 광신길 210,5
GS25 관악미림점,37.4654313151907,126.93247590425,서울 관악구 호암로18가길 1,5
GS25 신림미림점,37.4655605928823,126.931661916504,서울 관악구 호암로 538,5
CU 관악광신점,37.4670734370966,126.930200062878,서울 관악구 원신길 134,5
CU 관악미림점,37.46778637301805,126.93215274947754,서울 관악구 호암로20길 1,5
세븐일레븐 신림합격점,37.4649514118581,126.934676031767,서울 관악구 대학14길 82,5
CU 관악으뜸점,37.4674651052715,126.934445502651,서울 관악구 호암로20길 43,5
CU 관악고시촌점,37.4663238684611,126.936729884046,서울 관악구 대학14길 15,5
CU 신림중앙점,37.467574311048,126.936430402675,서울 관악구 대학10길 21,5
GS25 관악장원점,37.4669982311184,126.937493465272,서울 관악구 대학길 84,5
세븐일레븐 관악미림점,37.4671234291247,126.935734457684,서울 관악구 호암로20길 67,5
GS25 신림장원점,37.4665375835787,126.938773452309,서울 관악구 신림로11길 87,5
CU 관악사랑점,37.46838944395164,126.93759178386901,서울 관악구 대학길 52,5
CU 신림제이점,37.468299007699265,126.9386725389639,서울 관악구 신림로11길 48,5
세븐일레븐 서울대정문점,37.46688874922307,126.9476739127923,서울 관악구 신림로 1,5
세븐일레븐 서울대동원관점,37.4650352819092,126.951701579779,서울 관악구 관악로 1,5
수의대 휴게매점,37.4673912535647,126.95351775493,서울 관악구 관악로 1,5
판코,37.4664216731311,126.953283234081,서울 관악구 관악로 1,5
CU 서울대글로벌생활관점,37.46488344002387,126.95750950296797,서울 관악구 관악로 1,5
수의과대학 스낵,37.467409353643,126.953721216624,서울 관악구 관악로 1,5
GS25 서울대연구공원점,37.465822150414986,126.95967139080388,서울 관악구 관악로 1,5
CU 남태령역점,37.465998832954035,126.98923648490093,서울 서초구 전원말4길 2,5
GS25 금천중앙점,37.4696200730154,126.898418820566,서울 금천구 시흥대로 406,5
CU 독산2호점,37.4701934133072,126.897719428755,서울 금천구 시흥대로 409,5
GS25 금천주원점,37.47144758927382,126.89562409789174,서울 금천구 시흥대로123길 47,5
CU 독산마차길점,37.4700265893834,126.893485012774,서울 금천구 두산로 50,5
GS25 독산우정점,37.4692650963324,126.900562601088,서울 금천구 독산로75길 34,5
세븐일레븐 독산지식센터점,37.4688957843722,126.895461473182,서울 금천구 두산로 70,5
세븐일레븐 독산현대점,37.4689435838601,126.895513406293,서울 금천구 두산로 70,5
세븐일레븐 금천우체국점,37.4702258965432,126.898820439915,서울 금천구 시흥대로128길 10,5
CU 독산센터점,37.4708587427379,126.900276745451,서울 금천구 시흥대로130길 21,5
세븐일레븐 금천독산점,37.47159092347899,126.89776952605898,서울 금천구 시흥대로 427,5
이마트24 독산정다운점,37.467776908037756,126.89264604918417,서울 금천구 범안로15길 27,5
세븐일레븐 금천리온점,37.4692024799088,126.894842700008,서울 금천구 두산로14길 18,5
지피지기,37.4694066029309,126.897455979062,서울 금천구 시흥대로 399,5
GS25 독산정심점,37.468694760057,126.903832542813,서울 금천구 독산로74길 21,5
GS25 독산쌈지점,37.471181649115,126.903955968554,서울 금천구 독산로80길 13,5
CU 독산남문점,37.4722479721037,126.903375799668,서울 금천구 독산로 286,5
세븐일레븐 관악국화점,37.4707312479284,126.918485149442,서울 관악구 난곡로31길 30,5
GS25 남강학사점,37.471360005321664,126.91958440841138,서울 관악구 난곡로 181,5
GS25 난곡센터점,37.47134953634321,126.92143385896877,서울 관악구 난곡로30길 27,5
세븐일레븐 우림난우점,37.469986445718,126.920294667995,서울 관악구 난곡로24길 1,5
GS25 관악배수지점,37.46931250485022,126.92443163967181,서울 관악구 난곡로26길 89,5
GS25 신림대학점,37.4700745688396,126.934691921848,서울 관악구 신림로23길 22,5
CU 관악동방점,37.4687375021507,126.934751867142,서울 관악구 신림로23길 49,5
CU 관악동원점,37.4688916783103,126.933322873132,서울 관악구 호암로26가길 43,5
GS25 신림고시촌점,37.4684963074501,126.935253983821,서울 관악구 신림로19길 46-8,5
CU 관악에스식스점,37.4715719132297,126.931276607039,서울 관악구 양지5길 2,5
세븐일레븐 관악호암로점,37.4690181828339,126.93396936623,서울 관악구 호암로22길 21,5
GS25 관악녹두점,37.470850105953566,126.93427184768257,서울 관악구 호암로26길 9,5
세븐일레븐 신림대학스타점,37.4699117670036,126.933579707983,서울 관악구 호암로24길 6,5
세븐일레븐 신림고시촌점,37.4695663966141,126.934687842199,서울 관악구 신림로23길 34,5
CU 신림테라스점,37.4704862715863,126.936233499161,서울 관악구 호암로26길 47,5
GS25 관악고시촌점,37.4691857431061,126.937224862023,서울 관악구 호암로24길 74,5
CU 신림버디점,37.4705562863264,126.937424936415,서울 관악구 신림로 107,5
세븐일레븐 신림낭만거리점,37.4692573528309,126.936344195033,서울 관악구 신림로17길 34,5
CU 뉴신림고시촌점,37.4705310430746,126.93739669616,서울 관악구 신림로 107,5
세븐일레븐 서울대벤처타운점,37.47180433702694,126.9343817982922,서울 관악구 신림로 140,5
잇24 신림점,37.4685632758166,126.935792007072,서울 관악구 호암로22길 56,5
GS25 신림녹두점,37.4703005457284,126.939435086964,서울 관악구 신림로 89,5
CU 신림장미점,37.47051954888285,126.94133519969621,서울 관악구 신림로 73,5
CU 신림블루점,37.4713856065683,126.939913528579,서울 관악구 서림길 112,5
GS25 관악대학점,37.4698654126721,126.94133005869,서울 관악구 신림로7나길 3,5
GS25 신림신성점,37.471961938622,126.939298089657,서울 관악구 서림길 96,5
CU 관악행운점,37.4716514405415,126.938235700071,서울 관악구 신림로12길 13,5
세븐일레븐 관악대학촌점,37.471503454708504,126.94134008308046,서울 관악구 서림3길 70,5
CU 관악선경점,37.4687990398546,126.942190015761,서울 관악구 신림로3가길 41,5
CU 관악산으뜸휴게소점,37.4685813577258,126.94483311143159,서울 관악구 신림로 21,5
CU 관악산점,37.468724454282,126.944482574599,서울 관악구 신림로3가길 2,5
세븐일레븐 관악복마을점,37.4720961131384,126.940925865889,서울 관악구 서림3길 53,5
GS25 관악대원점,37.469269461168246,126.96549692126476,서울 관악구 인헌16길 47,5
CU 관악인헌길점,37.47075058760755,126.96503727561795,서울 관악구 인헌12길 42,5
CU 관악하늘점,37.4723655804212,126.966353532212,서울 관악구 인헌길 68,5
GS25 인헌중앙점,37.4711152381422,126.967279940104,서울 관악구 인헌길 100,5
GS25 인헌마루점,37.4695694683273,126.968623573709,서울 관악구 인헌길 141,5
GS25 남현으뜸점,37.4724909213162,126.978330928428,서울 관악구 승방길 71,5
CU 독산시장점,37.4728069884763,126.899522383963,서울 금천구 시흥대로138길 13,5
CU 금천프라임점,37.47591168662638,126.89825768365522,서울 금천구 시흥대로 473,5
CU 독산메이퀸점,37.4729816537871,126.897274738922,서울 금천구 시흥대로139길 14,5
CU 금천예스점,37.472222710631,126.894892731868,서울 금천구 가산로3길 13,5
CU 금천반수공원점,37.4740187469166,126.902631909347,서울 금천구 독산로93길 12,5
GS25 금천태양점,37.4748992357876,126.897543438603,서울 금천구 시흥대로141길 47,5
GS25 금천제일점,37.4723323824028,126.892609011275,서울 금천구 가산로3길 54,5
CU 금천조일점,37.4753315672301,126.901603690453,서울 금천구 시흥대로148길 54,5
세븐일레븐 가산광진점,37.47393775638421,126.89435786334778,서울 금천구 가산로 89,5
CU 금천E스타점,37.47132799150219,126.89286819393159,서울 금천구 두산로9길 18,5
세븐일레븐 금천한우물점,37.4756295393106,126.896036577801,서울 금천구 시흥대로149길 30,5
CU 가산세일점,37.4749508359907,126.89474420514,서울 금천구 시흥대로149길 60,5
씨스페이스24 금천점,37.472155213853036,126.89397261886884,서울 금천구 가산로3길 25,5
GS25 뉴독산중앙점,37.4737935686402,126.903822618821,서울 금천구 독산로92길 8,5
GS25 뉴독산반수점,37.4749135731339,126.903883362096,서울 금천구 독산로96길 6,5
CU 독산어게인점,37.4757549872634,126.903725140812,서울 금천구 독산로 326,5
CU 뉴관악플러스점,37.4742569389256,126.913470909492,서울 관악구 미성8길 1,5
GS25 관악미래점,37.47466665590456,126.91562745797046,서울 관악구 미성길 27,5
CU 관악리치점,37.4725797690409,126.917976685784,서울 관악구 미성3길 50,5
CVS25시편의점,37.4731026831043,126.91845092038,서울 관악구 난곡로 203,5
CU 남강학사점,37.4724949510562,126.920432184041,서울 관악구 난곡로34길 22,5
GS25 뉴관악햇살점,37.4745944995361,126.91939101685,서울 관악구 법원단지5길 5,5
GS25 관악스마일점,37.47276596768332,126.92149907504357,서울 관악구 난곡로34나길 17,5
CU 신림샛별점,37.4746873324515,126.922121109469,서울 관악구 법원단지17길 2,5
세븐일레븐 신림드림점,37.47546566137102,126.91791587513475,서울 관악구 난우길 29,5
GS25 관악법원단지점,37.475073424259,126.922821631399,서울 관악구 법원단지21길 2,5
CU 관악스마일점,37.476080174952756,126.9247187650948,서울 관악구 법원단지길 149,5
이마트24 R관악신림현대점,37.47416636129619,126.93362229387945,서울 관악구 신림로 169,5
GS25 신림도림점,37.4731122530815,126.933753232519,서울 관악구 신림로 160,5
CU 신림리더스점,37.475532117501,126.93019219695,서울 관악구 문성로38길 67,5
이마트24 관악조은점,37.4728247571784,126.93524572838,서울 관악구 신림로28길 25,5
신구멍가게24 신림현대점,37.4754060082591,126.930246579461,서울 관악구 문성로38길 70-1,5
CU 신림동희점,37.4723492660516,126.935689286467,서울 관악구 신림로22길 24,5
GS25 관악복은길점,37.4731710576039,126.935818588904,서울 관악구 신림로30길 21,5
CU 관악미리내점,37.4751083571487,126.93774220931,서울 관악구 서림길 22,5
GS25 신림으뜸점,37.47288063407154,126.93693801967132,서울 관악구 복은4길 56,5
세븐일레븐 관악복은길점,37.47417241109451,126.93643159781736,서울 관악구 복은길 12,5
CU 신화교힐스점,37.475470456524,126.935858452096,서울 관악구 신림로31길 7,5
GS25 신림신화점,37.475200232188,126.936003389881,서울 관악구 신림로 195,5
GS25 신림복은점,37.474538768829625,126.93918408495676,서울 관악구 복은길 60,5
CU 관악서림점,37.47281646312313,126.94001638792338,서울 관악구 서림3길 32,5
GS25 관악은혜점,37.4758539590861,126.938634711175,서울 관악구 신림로36길 22,5
세븐일레븐 드림고시촌점,37.4733127514589,126.939685887114,서울 관악구 서림3길 18,5
GS25 신림영락점,37.4749947601841,126.942958519,서울 관악구 복은길 128,5
GS25 서울대제일점,37.4744406562697,126.953255633074,서울 관악구 관악로 104,5
CU 관악푸른점,37.4752332416108,126.962516382589,서울 관악구 낙성대역길 61,5
CU 관악퍼스트점,37.4738931557781,126.964514650077,서울 관악구 낙성대역14길 3,5
GS25 봉천근화점,37.4745235097322,126.963357838098,서울 관악구 낙성대역8길 1,5
CU 낙성대역점,37.4758789040161,126.964257080313,서울 관악구 봉천로 604-1,5
GS25 낙성베스트점,37.47379203108492,126.9668898808321,서울 관악구 인헌길 35,5
세븐일레븐 봉천4호점,37.4753202204093,126.964067418317,서울 관악구 남부순환로246길 30,5
GS25 관악인헌점,37.4761087164439,126.961561772921,서울 관악구 낙성대역길 31,5
이마트24 R관악에이스점,37.4741664426246,126.968696265548,서울 관악구 인헌3길 31,5
GS25 봉천인헌점,37.472676032479,126.968174603354,서울 관악구 인헌9길 28,5
CU 뉴낙성인헌점,37.4747686832775,126.966737960862,서울 관악구 인헌길 18,5
GS25 봉천해오름점,37.4756314407616,126.968530597303,서울 관악구 남부순환로 1979,5
GS25 남현태양점,37.4746196637453,126.972361201755,서울 관악구 남부순환로260길 36,5
세븐일레븐 관악대성점,37.4728937100063,126.974044002935,서울 관악구 남부순환로256라길 2,5
GS25 관악남현로점,37.4746740760313,126.978369866153,서울 관악구 남부순환로272길 42,5
GS25 관악탑점,37.473277010775824,126.97579387421875,서울 관악구 남현길 79,5
CU 관악예술인점,37.4756326446222,126.973432570123,서울 관악구 남부순환로260길 10,5
세븐일레븐 관악남현길점,37.4743357519401,126.976060332984,서울 관악구 남현길 58,5
세븐일레븐 관악남현점,37.475687065754,126.975087646386,서울 관악구 남부순환로262길 11,5
GS25 방배우성점,37.4748630263513,126.982201134935,서울 서초구 과천대로 946,5
GS25 관악한일점,37.4739835073418,126.981337638383,서울 관악구 승방2길 2,5
CU 관악남현점,37.47497012414194,126.98140635471708,서울 관악구 과천대로 945,5
GS25 사당네스코점,37.4764012620555,126.978099169194,서울 관악구 남부순환로 2064,5
GS25 남현번영점,37.474855541698,126.980451096053,서울 관악구 승방4길 27,5
세븐일레븐 사당역점,37.47570350441409,126.98114275954035,서울 관악구 남현1길 66,5
CU 사당남현점,37.4750608962749,126.97999883444,서울 관악구 남현3길 62,5
세븐일레븐 남현이즈빌점,37.4760047934084,126.977968142883,서울 관악구 남현1길 9,5
세븐일레븐 남현르메이에르점,37.4745421506412,126.981446028678,서울 관악구 과천대로 939,5
CU 방배래미안점,37.4734107821076,126.983467634234,서울 서초구 방배선행길 8,5
GS25 시흥IC점,37.4771019750267,126.898321641948,서울 금천구 시흥대로 487,5
CU 뉴금천가산점,37.47757049944506,126.89421595234712,서울 금천구 남부순환로112길 32,5
GS25 독산행복점,37.4766545446218,126.901959207814,서울 금천구 독산로103길 30,5
GS25 가산본점,37.4779028003679,126.895034011291,서울 금천구 남부순환로112길 15,5
GS25 가산태양점,37.4761393090933,126.893783843791,서울 금천구 시흥대로153길 89,5
CU 독산타운점,37.4768513176589,126.901300972485,서울 금천구 독산로107길 53,5
GS25 구로지타워몰점,37.4798492340775,126.895320720251,서울 구로구 디지털로26길 38,5
이마트24 R구로신성점,37.48000549843253,126.89678801370755,서울 구로구 시흥대로161길 50,5
CU 영진오피스점,37.478836576375784,126.89439392936119,서울 구로구 남부순환로 1291,5
이마트24 금천르네상스점,37.4785464055922,126.900571785084,서울 금천구 시흥대로152길 11-43,5
세븐일레븐 금천NTB점,37.4778435354887,126.893247806634,서울 금천구 남부순환로108길 11-15,5
세븐일레븐 독산본점,37.4767963011791,126.903415165933,서울 금천구 독산로 335-1,5
IGA마트 시흥대로점,37.47674113643715,126.90099247854775,서울 금천구 시흥대로152길 38,5
CU 독산로하스점,37.4788169218137,126.902996513207,서울 금천구 남부순환로124길 17,5
GS25 독산백광점,37.4778989921782,126.904345330416,서울 금천구 독산로106길 10,5
세븐일레븐 구로전화국사거리점,37.479350772786916,126.90245314255432,서울 금천구 남부순환로 1364,5
GS25 관악성진점,37.4802294778805,126.901633447527,서울 관악구 조원중앙로1길 54,5
GS25 독산문성점,37.4773799241501,126.90763364556,서울 금천구 남부순환로126길 69,5
CU 독산문성점,37.477027670026914,126.90884602824555,서울 금천구 문성로 47,5
세븐일레븐 금천예술점,37.4795159916307,126.907346108471,서울 금천구 남부순환로128길 19,5
세븐일레븐 금천대장점,37.4794725374843,126.905945365581,서울 금천구 남부순환로126길 15,5
GS25 관악문성점,37.4776683697373,126.91375639943,서울 관악구 문성로 91,5
세븐일레븐 신림라이프점,37.47669677558536,126.91333808389959,서울 관악구 문성로16길 20,5
GS25 독산푸르지오점,37.4803402769594,126.909493229724,서울 금천구 독산로108길 101,5
CU 관악킹점,37.4801469529126,126.911198402548,서울 관악구 남부순환로142길 18,5
GS25 신림난향점,37.4767334441693,126.915448769431,서울 관악구 난곡로 255,5
GS25 신림난우점,37.4771488265778,126.916741652326,서울 관악구 난우길 51,5
GS25 신림센트럴점,37.480020044022204,126.91505614183365,서울 관악구 난곡로 292,5
CU 관악해오름점,37.480238506745,126.91438771112,서울 관악구 난곡로57길 4-11,5
GS25 관악미성점,37.4802164414085,126.91255503749,서울 관악구 남부순환로144길 24,5
GS25 난우타운점,37.4773581678223,126.921129102632,서울 관악구 법원단지5다길 16,5
GS25 신림동산점,37.4786308061841,126.928877848876,서울 관악구 문성로32길 13,5
GS25 문성터널점,37.4791633705372,126.927507078879,서울 관악구 문성로 214,5
CU 신림인석점,37.4794591006803,126.927832402063,서울 관악구 문성로 217,5
GS25 신림터널점,37.479161567132714,126.92750481945703,서울 관악구 문성로 214,5
이마트24 관악문성로점,37.4775396963597,126.93041191883,서울 관악구 문성로38길 25,5
GS25 신림문성점,37.4784805223268,126.930704995043,서울 관악구 문성로 246,5
GS25 서원성당점,37.47819831308544,126.9335045404696,서울 관악구 신림로46길 1,5
CU 뉴관악센트럴점,37.4776374298008,126.93270007948,서울 관악구 서원길 4,5
CU 관악서원점,37.4792740624147,126.931825801202,서울 관악구 신림로 274,5
세븐일레븐 신림본점,37.4790039608642,126.932175395653,서울 관악구 신림로 270,5
CU 신림카페점,37.4776942965127,126.936132408048,서울 관악구 신림로 228,5
GS25 관악성지점,37.4769761225101,126.937689785204,서울 관악구 쑥고개로 2,5
GS25 관악이편한점,37.4770550038774,126.940392865238,서울 관악구 참숯5길 12,5
CU 관악모임점,37.47848284831877,126.93988862672074,서울 관악구 쑥고개로 27,5
CU 서울대이편한세상점,37.47682485933749,126.94326689786237,서울 관악구 청룡16길 43,5
GS25 서울대이편한점,37.4789586911326,126.941909720615,서울 관악구 참숯1길 10,5
CU 관악써니점,37.47978255244626,126.9426032659221,서울 관악구 쑥고개로 55,5
GS25 봉천아이원점,37.478878601276364,126.94591654997325,서울 관악구 청룡9길 1,5
이마트24 R관악청룡점,37.4785628981915,126.947134404569,서울 관악구 청룡중앙길 12,5
GS25 뉴관악청룡점,37.4788934238755,126.948852650196,서울 관악구 쑥고개로 112,5
CU 관악구청점,37.47874625694082,126.95025466440737,서울 관악구 쑥고개로 124,5
CU 관악블루점,37.4796640098925,126.94731000083,서울 관악구 남부순환로214길 46,5
세븐일레븐 관악쑥고개점,37.4793109972121,126.947721781354,서울 관악구 쑥고개로 99,5
GS25 관악영락점,37.4801096181274,126.944487719693,서울 관악구 청룡8길 28,5
세븐일레븐 관악청룡로점,37.4797571660563,126.946093419561,서울 관악구 청룡길 45,5
GS25 서울대역점,37.4780264217387,126.952620283327,서울 관악구 관악로 144,5
GS25 관악세봉점,37.4766026467041,126.95217348698,서울 관악구 관악로 125,5
GS25 관악쑥고개점,37.478923313658434,126.95135686098311,서울 관악구 쑥고개로 133,5
CU 서울대서연점,37.4769812890426,126.952715909277,서울 관악구 관악로 132,5
GS25 관악원앙점,37.479369665481,126.95004170115,서울 관악구 남부순환로218길 46,5
세븐일레븐 서울대드림점,37.47933810232541,126.95215139312877,서울 관악구 관악로 157,5
GS25 봉천번영점,37.4764526046588,126.955574250517,서울 관악구 관악로14가길 45,5
CU 관악무지개점,37.4777030227219,126.955089630614,서울 관악구 관악로12길 48,5
GS25 관악대성점,37.4781889127314,126.953398011075,서울 관악구 관악로12길 17,5
세븐일레븐 서울대한울점,37.4795177422081,126.950783267876,서울 관악구 관악로15길 23-16,5
세븐일레븐 관악정옥점,37.4803184884399,126.950184655595,서울 관악구 관악로15길 39,5
세븐일레븐 서울대샤로수점,37.47884882739485,126.95436085312744,서울 관악구 관악로14길 34,5
GS25 뉴관악예은점,37.4799224362576,126.953351710799,서울 관악구 남부순환로224길 21,5
GS25 샤로수길점,37.4783308482558,126.957033834438,서울 관악구 남부순환로234길 23,5
CU 서울대우신점,37.480038010142,126.95397572751,서울 관악구 관악로16길 26,5
GS25 낙성대점,37.4773148994816,126.958119748127,서울 관악구 관악로12길 105,5
세븐일레븐 서울대입구점,37.4802160199586,126.952985214578,서울 관악구 관악로 168,5
CU 낙성대입구점,37.4775388755066,126.959630048065,서울 관악구 낙성대로 9,5
세븐일레븐 관악봉천로점,37.47791583801933,126.96063943827903,서울 관악구 남부순환로 1904,5
GS25 봉천낙성점,37.4785522788914,126.961637400301,서울 관악구 행운2길 52,5
CU 관악이글점,37.4795745823374,126.957982816455,서울 관악구 남부순환로 1873,5
GS25 관악까치점,37.4800903858161,126.95919904896,서울 관악구 행운길 21,5
세븐일레븐 관악낙성대점,37.4787193886396,126.960192439549,서울 관악구 남부순환로 1895,5
세븐일레븐 봉천제일점,37.47679950107835,126.96348900082806,서울 관악구 남부순환로 1932,5
CU 행운야베스점,37.4785954256092,126.961325339957,서울 관악구 행운2길 46,5
CU 관악낙성점,37.4781813604454,126.962564655075,서울 관악구 솔밭로 5,5
GS25 낙성대역점,37.476909784074,126.964672631059,서울 관악구 남부순환로 1937,5
GS25 행운중앙점,37.4776267800616,126.96398491372,서울 관악구 솔밭로2길 24,5
GS25 봉천현대점,37.4793097850773,126.963721810458,서울 관악구 솔밭로 24,5
GS25 사당수석점,37.4763460048068,126.972387698959,서울 동작구 남부순환로259길 11,5
CU 사당수정점,37.4789585984413,126.970993864341,서울 동작구 사당로16길 111,5
세븐일레븐 남성중앙점,37.4782272872153,126.972278472244,서울 동작구 남부순환로255다길 41,5
이마트24 사당역점,37.47674323448894,126.97598268794846,서울 동작구 남부순환로 2045,5
CU 뉴사당점,37.4769093655799,126.977746289896,서울 동작구 남부순환로 2061,5
GS25 뉴사당타운점,37.47944411407182,126.97433342868187,서울 동작구 남부순환로269길 97,5
GS25 사당1동점,37.4781579644736,126.97670692861,서울 동작구 남부순환로265가길 20,5
이마트24 동작사당점,37.47723392277373,126.9787998690914,서울 동작구 동작대로1길 45,5
CU 사당센터점,37.477875351233,126.978302240303,서울 동작구 동작대로7길 80,5
GS25 사당역점,37.4772124898318,126.97989425018,서울 동작구 동작대로1길 27,5
GS25 사당시티점,37.47741803497215,126.98058157305061,서울 동작구 사당로30길 166,5
세븐일레븐 서초사당역점,37.4781102508836,126.982105397241,서울 서초구 동작대로 18,5
세븐일레븐 사당본점,37.477048884527,126.982257144052,서울 서초구 방배천로 5-3,5
세븐일레븐 사당중앙점,37.4784596425085,126.980830029262,서울 동작구 동작대로3길 10,5
세븐일레븐 서초사당점,37.4767408905241,126.983295057748,서울 서초구 방배천로2길 10,5
CU 사당로점,37.47964760464189,126.97812874769815,서울 동작구 동작대로9가길 30,5
세븐일레븐 사당로점,37.479634296754,126.979278560798,서울 동작구 사당로28길 56,5
CU 방배리치빌점,37.47796665146666,126.98631112989658,서울 서초구 도구로1길 60,5
세븐일레븐 서초방배본점,37.4771810577202,126.987080048727,서울 서초구 효령로 18,5
GS25 방배천로점,37.4792061996665,126.984370823762,서울 서초구 방배천로6길 32-2,5
세븐일레븐 방배사당점,37.4777672003769,126.983724442512,서울 서초구 방배천로2안길 17,5
세븐일레븐 사당점,37.4799805512585,126.980861297378,서울 동작구 동작대로7길 12,5
세븐일레븐 동작대로점,37.4802906006692,126.981503398589,서울 동작구 동작대로 43,5
세븐일레븐 뉴서초방배점,37.4786990741746,126.985490198754,서울 서초구 청두곶2길 3,5
GS25 방배래미안점,37.4755631344351,126.990083009322,서울 서초구 효령로4길 56-16,5
GS25 구로문성점,37.4805247490591,126.897097084503,서울 구로구 디지털로32가길 72,5
GS25 대륭포스트타워8차점,37.481007132123,126.894422531715,서울 구로구 디지털로26길 43,5
CU 구로파트너점,37.4828795369707,126.898663180191,서울 구로구 디지털로32가길 16,5
CU 구로디지털점,37.481100205136656,126.89884987276906,서울 구로구 디지털로32다길 46,5
CU 구로마리오타워점,37.4821080278777,126.895281389104,서울 구로구 디지털로30길 28,5
GS25 구로동양점,37.4818414017142,126.898461070269,서울 구로구 시흥대로163길 25,5
이마트24 구로NHNKCP점,37.4807041275943,126.896156175271,서울 구로구 디지털로26길 72,5
CU 구로원룸점,37.48123003828468,126.89790450545154,서울 구로구 디지털로32가길 51,5
세븐일레븐 구로디지털점,37.4824336169648,126.899812503472,서울 구로구 디지털로32다길 14,5
GS25 구로빌란트점,37.48353908057809,126.89658981238652,서울 구로구 디지털로32길 30,5
GS25 구로하이앤드점,37.4811792013922,126.895409313892,서울 구로구 디지털로26길 61,5
이마트24 구로MS점,37.4815104042606,126.899130843457,서울 구로구 시흥대로163길 15,5
CU 관악시흥대로점,37.4829256008313,126.902000762442,서울 관악구 시흥대로 560,5
CU 구로JNK점,37.482501541776884,126.89707402216597,서울 구로구 디지털로26길 111,5
CU 구로천일점,37.48336349106789,126.89985196506373,서울 구로구 디지털로32길 79,5
이마트24 가산점,37.4796234887259,126.892761382667,서울 구로구 남부순환로105가길 16,5
GS25 신림미성점,37.4826412753963,126.902476000117,서울 관악구 시흥대로166길 14,5
세븐일레븐 구로하이엔드점,37.48160995975,126.893477617092,서울 구로구 디지털로26길 5,5
CU 한신IT타워점,37.48251519999595,126.89417619325337,서울 구로구 디지털로 272,5
GS25 구로싸이언점,37.484078226947226,126.89907085859852,서울 구로구 디지털로34길 55,5
GS25 구로메트로점,37.48095518814914,126.89277078561258,서울 구로구 디지털로 242,5
세븐일레븐 구로포스트점,37.4835903780029,126.89549753538363,서울 구로구 디지털로 288,5
제로편의점 제로영 구로디지털단지역점,37.4825865185581,126.901636010765,서울 관악구 시흥대로 556,5
마리오타워 매점,37.4821161730189,126.895322080277,서울 구로구 디지털로30길 28,5
CU 구로디지털단지역점,37.4837936261581,126.90134385085,서울 구로구 디지털로32길 97-22,5
CU 관악뉴포레점,37.4840406515236,126.903708856696,서울 관악구 조원로 5-14,5
CU 관악대로점,37.480644284853,126.906494501083,서울 관악구 남부순환로 1403,5
세븐일레븐 구로공단점,37.48391392988311,126.90190788864648,서울 구로구 시흥대로 571,5
GS25 관악KT점,37.4805271593836,126.904251532122,서울 관악구 조원중앙로 7,5
세븐일레븐 관악힐스테이트점,37.48396249575545,126.90399388181339,서울 관악구 조원로 15-2,5
세븐일레븐 신림조원원룸점,37.4819942856247,126.906861402345,서울 관악구 남부순환로131길 35,5
먹구 신림점,37.4828411531542,126.90562456473,서울 관악구 조원로8길 10,5
GS25 조원중앙점,37.4813443987033,126.90767851276,서울 관악구 조원중앙로2길 51,5
GS25 신림조원점,37.4823799470762,126.909214895733,서울 관악구 남부순환로141길 29,5
CU 관악조원점,37.4819343654514,126.910947550072,서울 관악구 조원중앙로2길 111,5
GS25 신림골드점,37.483242504113,126.906129457415,서울 관악구 조원로 34,5
CU 관악신도점,37.4835185700226,126.908887891605,서울 관악구 조원로 58,5
CU 신림CS점,37.481228318586304,126.91261491140176,서울 관악구 남부순환로 1456,5
세븐일레븐 관악신사점,37.4824164548426,126.914678059561,서울 관악구 난곡로 318,5
GS25 신림리치점,37.48291769581832,126.91382272698215,서울 관악구 조원로18길 25,5
세븐일레븐 관악미성점,37.4812376976454,126.914349260891,서울 관악구 난곡로 305,5
IGA마트 신대방역점,37.4832075813475,126.912273413504,서울 관악구 남부순환로143나길 34,5
GS25 신대방노블점,37.4836200147127,126.914418902976,서울 관악구 난곡로 332,5
CU 관악신사점,37.48285532946747,126.9160524156264,서울 관악구 관천로11길 160,5
GS25 신림수성점,37.4827359507184,126.917983674876,서울 관악구 남부순환로 1507,5
GS25 신림금성점,37.4822713062447,126.918382164046,서울 관악구 남부순환로 1508,5
CU 관악건영점,37.484402409492,126.914861229557,서울 관악구 남부순환로161가길 71,5
세븐일레븐 신사시장점,37.4840610862587,126.916345037027,서울 관악구 남부순환로153길 35,5
세븐일레븐 관악일등점,37.4833680728215,126.920049803315,서울 관악구 관천로11길 87,5
CU 관악진우점,37.482777858759,126.921312222332,서울 관악구 남부순환로 1536,5
GS25 뉴신림신원점,37.4810534368486,126.924235527788,서울 관악구 남부순환로168길 42,5
CU 신림행운점,37.4827398156322,126.92375443544,서울 관악구 남부순환로172길 39,5
CU 신림동보점,37.48376169336823,126.92396256748532,서울 관악구 남부순환로 1561,5
GS25 신림빌리지점,37.4839392763427,126.922703969808,서울 관악구 관천로11길 41,5
이마트24 관악신원점,37.4814045165621,126.923747877965,서울 관악구 남부순환로170길 49,5
세븐일레븐 관악신원점,37.480598293877854,126.9268838607305,서울 관악구 남부순환로168가길 47,5
이마트24 관악신림점,37.4802665366749,126.928048700453,서울 관악구 신원로 10,5
GS25 신림성화점,37.4835268868349,126.925942569431,서울 관악구 남부순환로 1578,5
CU 신림역제일점,37.4837794433798,126.927841814572,서울 관악구 남부순환로 1594-1,5
CU 신림에코리움점,37.482196272436695,126.92916730199876,서울 관악구 신원로 35,5
GS25 신림서부점,37.4817701368887,126.92923667216,서울 관악구 신원로 34,5
GS25 신림본점,37.4842304543458,126.927199166937,서울 관악구 남부순환로 1589,5
GS25 유신림마음점,37.4830713413376,126.929484185975,서울 관악구 신림로59길 6,5
GS25 신림왕성점,37.4813670822208,126.93024103848,서울 관악구 신림로 304,5
CU 신림역점,37.48328944866041,126.9295902615375,서울 관악구 신림로 323,5
세븐일레븐 신림푸리마점,37.48336022749353,126.92743857742559,서울 관악구 관천로 38,5
세븐일레븐 신림별빛거리점,37.4823691394958,126.927473454772,서울 관악구 관천로 29-1,5
삼모볼링센타휴게실,37.4826995663199,126.928552891978,서울 관악구 신림로59길 23,5
CU 신림역최강점,37.48385954014406,126.93069663551884,서울 관악구 남부순환로180길 6,5
GS25 신림서원점,37.4823375327777,126.931895378205,서울 관악구 신림로58길 36,5
GS25 뉴관악서원점,37.4841968874615,126.931330622919,서울 관악구 남부순환로 1626-1,5
세븐일레븐 신림타임스트림점,37.4834545662677,126.929982440949,서울 관악구 신림로 328,5
CU 관악이레점,37.48287088886498,126.93502223823218,서울 관악구 남부순환로194길 43,5
GS25 신림로마점,37.4841457679816,126.934935204227,서울 관악구 남부순환로194길 11,5
GS25 관악봉림점,37.4806440822601,126.939327246344,서울 관악구 장군봉7길 2,5
CU 양지병원점,37.484313206685,126.933055902885,서울 관악구 남부순환로 1640,5
GS25 관악장군점,37.4832057790082,126.937841771501,서울 관악구 장군봉2길 45,5
세븐일레븐 봉천남부점,37.4825404588714,126.9406146344,서울 관악구 남부순환로 1716,5
CU 뉴봉천역점,37.4819586857779,126.94300975667,서울 관악구 남부순환로 1738,5
CU 관악장군점,37.4828782045993,126.938592786455,서울 관악구 장군봉2길 29,5
GS25 관악아미움점,37.4818269940554,126.940882025879,서울 관악구 장군봉1길 16,5
세븐일레븐 관악봉천점,37.48084712528103,126.94174545126968,서울 관악구 남부순환로206길 34,5
세븐일레븐 봉천역점,37.4830379537777,126.940890116898,서울 관악구 남부순환로 1715,5
CU 관악청룡점,37.4813037109425,126.939503088807,서울 관악구 장군봉6길 1,5
이마트24 관악초등학교점,37.4809663892755,126.94242033234,서울 관악구 쑥고개로11길 29,5
CU 남부순환로점,37.4840955848697,126.937103846457,서울 관악구 남부순환로 1680,5
제로스토어 봉천점,37.48168055815795,126.9417448042354,서울 관악구 장군봉1길 32,5
GS25 봉천역점,37.4825199320891,126.942839735506,서울 관악구 남부순환로 1733,5
CU 봉천두산점,37.4835448803728,126.943885934736,서울 관악구 봉천로33길 8,5
GS25 뉴봉천한아름점,37.4840330070378,126.941573379467,서울 관악구 봉천로31길 6,5
GS25 봉천제일점,37.4805903053341,126.947440500427,서울 관악구 청룡3길 22,5
GS25 봉천은천점,37.4834905669956,126.945267626224,서울 관악구 양녕로1길 19,5
세븐일레븐 봉천1호점,37.4817249937413,126.94614627567,서울 관악구 남부순환로 1766,5
GS25 관악봉천점,37.4807248800642,126.950271442435,서울 관악구 관악로17길 25,5
CU 관악하정점,37.482066973275025,126.94724839033293,서울 관악구 남부순환로 1773,5
CU 서울대파인점,37.4809405355208,126.948896479227,서울 관악구 청룡1길 46,5
GS25 관악플러스점,37.482021740947545,126.94888443661655,서울 관악구 남부순환로 1787,5
CU 서울대파인2호점,37.48046748588646,126.94885044671953,서울 관악구 남부순환로216길 24,5
CU 관악향산점,37.4831513769987,126.94633633042,서울 관악구 양녕로 11,5
세븐일레븐 관악타워점,37.48131506976183,126.9503400187865,서울 관악구 남부순환로 1802,5
세븐일레븐 서울대서진점,37.4806569499578,126.951587511119,서울 관악구 관악로17길 3,5
GS25 봉천양녕로점,37.4833684069384,126.948099981964,서울 관악구 봉천로41길 14,5
CU 관악한울점,37.4819070281334,126.950329451408,서울 관악구 남부순환로 1801,5
GS25 관악한빛점,37.4826387513412,126.95057770659,서울 관악구 봉천로 455,5
세븐일레븐 봉천진용점,37.48276169033455,126.94939837202098,서울 관악구 봉천로 443,5
CU 서울대입구역점,37.4811227824119,126.953866523462,서울 관악구 남부순환로 1833,5
GS25 봉천메트로점,37.481644509143514,126.95171802581355,서울 관악구 남부순환로 1811,5
세븐일레븐 서울대입구역점,37.48094594300254,126.95212662510578,서울 관악구 남부순환로 1820,5
세븐일레븐 관악점,37.48215883919217,126.95360245034163,서울 관악구 관악로 192,5
CU 관악트윈스점,37.4835001776864,126.950726384632,서울 관악구 양녕로6길 78,5
세븐일레븐 서울대제일점,37.4808152675833,126.953178172908,서울 관악구 남부순환로 1830,5
세븐일레븐 관악센터점,37.483150172264175,126.95190813547116,서울 관악구 봉천로49길 15,5
GS25 관악블루점,37.4831125832739,126.954833129218,서울 관악구 관악로 208-40,5
CU 관악중앙점,37.4836311742517,126.953824277814,서울 관악구 중앙길 5,5
GS25 봉천행운점,37.4814344595567,126.958533515767,서울 관악구 행운1라길 62,5
CU 관악딸부자점,37.4837437344924,126.956013148981,서울 관악구 행운1길 117,5
GS25 관악원당점,37.4822480856849,126.956081863491,서울 관악구 행운1길 81,5
세븐일레븐 관악행운길점,37.4811556875522,126.960104089989,서울 관악구 행운6길 2,5
GS25 행운푸르지오점,37.482116733203,126.961830045764,서울 관악구 행운10길 15,5
CU 봉천승리점,37.4824188263166,126.959880684053,서울 관악구 행운7길 16,5
세븐일레븐 서울낙성현대점,37.480406168407,126.963253211683,서울 관악구 솔밭로7길 21,5
세븐일레븐 동작행림점,37.4819451281598,126.966402376452,서울 동작구 솔밭로 59,5
CU 사당이수점,37.481791668502,126.972231930587,서울 동작구 사당로16마길 2,5
CU 사당남성점,37.4833809070883,126.971638884125,서울 동작구 사당로16가길 34,5
GS25 사당까치점,37.4808653962112,126.972083033139,서울 동작구 사당로16길 65,5
세븐일레븐 사당남성점,37.4828257465262,126.971064730232,서울 동작구 사당로14길 32,5
GS25 사당센트럴점,37.4830660013464,126.973567876528,서울 동작구 사당로16길 10,5
GS25 동작중심점,37.48183187442178,126.97473398286768,서울 동작구 사당로20나길 18,5
세븐일레븐 동작제일점,37.4838527043497,126.970290967711,서울 동작구 사당로12길 22,5
컴온24 남성역점,37.4841046413258,126.96894764798,서울 동작구 사당로8길 25,5
GS25 사당본점,37.480489577844885,126.97572031984896,서울 동작구 사당로22나길 22,5
GS25 신사당광성점,37.4829756635118,126.976724653957,서울 동작구 사당로22길 12,5
CU 동작중앙점,37.4826213951636,126.975867743122,서울 동작구 사당로20길 13,5
GS25 사당남사초교점,37.4819352520178,126.978050067865,서울 동작구 동작대로13길 34,5
GS25 동작서림점,37.48429111747991,126.972449222826,서울 동작구 사당로 215,5
GS25 동작사당점,37.4806001911845,126.979350652716,서울 동작구 동작대로9길 39,5
더까까주까 사당역점,37.4827885125653,126.978078084175,서울 동작구 동작대로17길 33,5
이마트24 R사당교보점,37.481571800738536,126.98128261218591,서울 동작구 동작대로13길 3,5
이마트24 방배경찰서점,37.48208019970086,126.9827952630396,서울 서초구 방배천로 62,5
이마트24 뉴사당남사점,37.4828565636506,126.980810815752,서울 동작구 동작대로17길 10,5
GS25 신이수자이점,37.4841502011022,126.979553194036,서울 동작구 사당로28길 6,5
CU 방배명성점,37.4804170910022,126.98388667433,서울 서초구 방배천로2안길 77,5
GS25 방배타운점,37.4825975454971,126.983981179336,서울 서초구 방배천로2안길 125,5
세븐일레븐 방배천로점,37.4840137848184,126.982936151567,서울 서초구 방배천로20길 1,5
CU 아델라이수역점,37.4841720763388,126.981059223975,서울 동작구 동작대로23길 13,5
GS25 DH방배가온점,37.48369258364,126.986481944157,서울 서초구 도구로 79,5
CU 방배공원점,37.4823276554915,126.987386693904,서울 서초구 도구로 63,5
CU 구로태평양점,37.4851900197919,126.894879090835,서울 구로구 디지털로31길 12,5
GS25 구로디지탈점,37.486312079627,126.896243391394,서울 구로구 디지털로33길 12,5
CU 구로미래지오점,37.4851481184156,126.89953412547665,서울 구로구 디지털로32나길 17-45,5
세븐일레븐 구로공단역점,37.4847483494007,126.900931033098,서울 구로구 디지털로32나길 35,5
GS25 대륭포스트점,37.486055071300996,126.89702052776772,서울 구로구 디지털로 306,5
GS25 대림밸리소홈점,37.48649841316582,126.90022430090166,서울 영등포구 도림천로19길 11,5
GS25 구로지벨리몰점,37.4847697621817,126.896480702881,서울 구로구 디지털로 300,5
CU 구로우림1차점,37.48677082924752,126.89537664359203,서울 구로구 디지털로33길 28,5
GS25 구로타워점,37.4838233134047,126.894008142471,서울 구로구 디지털로 273,5
GS25 구로벤처점,37.4843717040879,126.89465410535,서울 구로구 디지털로 285,5
CU 구로예성점,37.4857920677912,126.899215541649,서울 구로구 도림천로 448,5
CU 대림희망점,37.486793393052,126.90064000496312,서울 영등포구 도림천로19길 12,5
GS25 드림타워2점,37.4852315054067,126.89291618428,서울 구로구 디지털로31길 41,5
GS25 구로삼성점,37.486245788243025,126.89464016698196,서울 구로구 디지털로33길 27,5
이마트24 R벽산밸리점,37.483307567433,126.893597316596,서울 구로구 디지털로 271,5
CU 구로오닉스점,37.48443458706678,126.89244583603757,서울 구로구 디지털로27가길 17,5
세븐일레븐 구로대륭점,37.48547226034,126.89822323709,서울 구로구 디지털로34길 27,5
GS25 대림제일점,37.4855251381734,126.903250157728,서울 영등포구 시흥대로 591,5
CU 구로대륭7차점,37.487161059607985,126.89446927626044,서울 구로구 디지털로33길 48,5
GS25 신대림자이점,37.486650482399334,126.90213836446394,서울 영등포구 시흥대로173길 13,5
이마트24 대림타운점,37.4879484179988,126.900560455918,서울 영등포구 디지털로38길 15,5
GS25 동작신라점,37.48595857039322,126.9044153340979,서울 동작구 시흥대로 602,5
CU 영등포대림본점,37.4878437742018,126.902571001449,서울 영등포구 도림천로21길 25,5
씨스페이스24 영등포점,37.4869027863316,126.904365511061,서울 영등포구 시흥대로 607,5
3분마트 신대방점,37.48630843048879,126.90474844172275,서울 동작구 시흥대로 606,5
CU 신림조원점,37.4851553310294,126.90957787525,서울 관악구 조원로15길 27,5
CU 신대방해피점,37.4864765475302,126.907685765916,서울 동작구 신대방1나길 26,5
GS25 동작상떼빌점,37.4878195555953,126.906042319228,서울 동작구 신대방1가길 38,5
이마트24 관악조원점,37.4844645548308,126.911157111419,서울 관악구 조원로 79,5
CU 영등포자이르네점,37.4879810647953,126.905200865279,서울 영등포구 시흥대로 621-1,5
GS25 신대방부용점,37.4868324572464,126.908861253178,서울 동작구 신대방1가길 19,5
세븐일레븐 관악조원로점,37.4853329522431,126.910925425459,서울 관악구 조원로17길 20,5
CU 신대방역점,37.486230785151015,126.91393538236987,서울 관악구 난곡로 360,5
CU 관악샛별점,37.484603899094296,126.91194388839048,서울 관악구 조원로 87,5
GS25 신대방역점,37.4862134980251,126.912480206713,서울 관악구 신사로 86,5
GS25 신대방센트럴점,37.4877118170366,126.910005594697,서울 동작구 신대방3길 32,5
GS25 신림신사점,37.4859306254956,126.915008745601,서울 관악구 난곡로74길 22,5
세븐일레븐 관악조원점,37.484469201446,126.912554603812,서울 관악구 조원로 92,5
이마트24 신대방역점,37.4877378476709,126.912270377569,서울 동작구 신대방길 5,5
세븐일레븐 M신대방역점,37.48757633464119,126.91317513329555,서울 동작구 대림로 2,5
이마트24 신림드림점,37.484656617016796,126.91629462378012,서울 관악구 남부순환로161가길 45,5
CU 신림4동점,37.48578058948744,126.91817369316186,서울 관악구 조원로 143,5
세븐일레븐 신림사랑점,37.4870324498363,126.914858244914,서울 관악구 신사로10길 13,5
GS25 관악신사로점,37.4879021371913,126.915156896958,서울 관악구 신사로 116-1,5
세븐일레븐 관악청솔점,37.4850047661623,126.915534425235,서울 관악구 조원로 118,5
CU 관악은하점,37.4845934647066,126.920080156131,서울 관악구 남부순환로161길 40,5
GS25 신림석류점,37.4871437578651,126.918091926512,서울 관악구 신사로22길 48,5
이마트24 관악신림빌리지점,37.4855635935012,126.921037937909,서울 관악구 남부순환로161나길 40,5
이마트24 신림빅토리점,37.4874475215714,126.91958412766,서울 관악구 관천로19길 44,5
CU 관악네잎클로버점,37.486561894583176,126.92101427333154,서울 관악구 관천로15길 27,5
세븐일레븐 관악평화점,37.4858476732743,126.920087865565,서울 관악구 조원로 160-1,5
세븐일레븐 신림지영점,37.4865485616761,126.922651531034,서울 관악구 관천로 91,5
CU 뉴관악리베로점,37.4870195824091,126.925128409658,서울 관악구 신림동길 32-1,5
CU 관악승리점,37.4852051040768,126.92395545128,서울 관악구 관천로 73-1,5
GS25 신림관천로점,37.48779592467597,126.92184178592154,서울 관악구 관천로 107,5
CU 신림두리점,37.4852355927433,126.926574059914,서울 관악구 신림동7길 42,5
GS25 신림누리점,37.4867310736991,126.926265046985,서울 관악구 신림동5가길 16,5
세븐일레븐 관악보람점,37.4845025591195,126.924331543238,서울 관악구 관천로11길 8,5
GS25 더관악점,37.48443745102161,126.92828779297972,서울 관악구 남부순환로 1599-3,5
GS25 뉴신림사랑점,37.48652073140966,126.92853455408209,서울 관악구 신림동1길 21,5
GS25 신림트라움점,37.4846995185159,126.928080630741,서울 관악구 신림로65길 27,5
CU 신림사거리점,37.4856697506312,126.929318925896,서울 관악구 신림로 351,5
이마트24 신림에이스점,37.4857354336976,126.92768050735,서울 관악구 신림동5길 33,5
CU 관악신림로점,37.486078092674276,126.92962947987105,서울 관악구 신림로 356,5
GS25 신림타운점,37.4851986329716,126.931028947081,서울 관악구 신림로64길 23,5
세븐일레븐 신림패션점,37.4874208494432,126.928552918632,서울 관악구 신림로 373,5
GS25 신림양지점,37.4864242160689,126.92985868555029,서울 관악구 신림로68길 10,5
GS25 관악신림로점,37.485613133461,126.93109188406,서울 관악구 신림로66길 25,5
세븐일레븐 신림문화점,37.4871316094993,126.927051621881,서울 관악구 신림동길 15,5
GS25 신림관악점,37.48578409941353,126.93070616458016,서울 관악구 남부순환로181길 27,5
세븐일레븐 신림허브그린점,37.48512232846137,126.92997523120023,서울 관악구 신림로 344,5
GS25 뉴신림로데오점,37.488352427234126,126.92553074659524,서울 관악구 봉천로6길 30,5
CU 관악스위트점,37.4874760193886,126.930411748675,서울 관악구 봉천로14길 17,5
GS25 신림두림점,37.48452633842607,126.93393310700378,서울 관악구 남부순환로 1648,5
CU 신림우리점,37.486680081783,126.93135774814,서울 관악구 신림로68길 35,5
GS25 당곡스타점,37.4876782835519,126.931160091224,서울 관악구 봉천로 272,5
세븐일레븐 신림가야점,37.4858697436688,126.932344445105,서울 관악구 신림로66길 47,5
GS25 관악당곡점,37.48554022802474,126.93439126946588,서울 관악구 남부순환로191길 8,5
CU 관악우체국점,37.4852576418563,126.933371648849,서울 관악구 남부순환로187길 9,5
CU 보라매우리점,37.4879598654899,126.93196716297,서울 관악구 봉천로 275,5
씨스페이스24 신림동양점,37.4866148184419,126.930688436888,서울 관악구 남부순환로181길 46,5
세븐일레븐 관악색동점,37.4877852620134,126.929226475821,서울 관악구 신림로70길 7,5
CU 관악은천로점,37.4861151663473,126.937901548883,서울 관악구 은천로 24,5
CU 관악코리아점,37.4873184804846,126.935414132911,서울 관악구 봉천로23길 17,5
이마트24 봉일시장점,37.4869828230441,126.937874824598,서울 관악구 봉천로23나길 45,5
CU 관악봉천로점,37.4875013242745,126.936969829144,서울 관악구 봉천로23다길 23,5
GS25 은천삼성점,37.4860081378143,126.940016018612,서울 관악구 은천로 42,5
CU 관악봉천점,37.48474220740739,126.93998876407892,서울 관악구 봉천로29길 9,5
CU 관악국회단지점,37.4876399721128,126.940230679413,서울 관악구 국회단지길 36,5
CU 관악은천길점,37.4863471327994,126.942257906285,서울 관악구 은천로 61,5
GS25 관악두산점,37.4855438375985,126.943090703634,서울 관악구 봉천로33나길 20,5
CU 관악누리에뜰점,37.4863327360023,126.942297491516,서울 관악구 은천로 61,5
CU 뉴관악두산점,37.4866022127852,126.944332533594,서울 관악구 은천로 80,5
GS25 봉천가온점,37.4845619403419,126.94741510503,서울 관악구 양녕로6길 12,5
CU 관악파인빌점,37.4864074030954,126.947861565242,서울 관악구 중앙길 133,5
이마트24 봉천태양점,37.4844147926464,126.948821750615,서울 관악구 양녕로6길 38,5
CU 관악은천점,37.48711066905559,126.9489601186052,서울 관악구 은천로25길 7,5
GS25 현대시장점,37.4875746296837,126.946785450011,서울 관악구 양녕로 62,5
GS25 봉천블루밍점,37.48740836752994,126.94573740325899,서울 관악구 은천로 95,5
GS25 중앙한가온점,37.48540673029633,126.95077149023929,서울 관악구 중앙길 78,5
GS25 봉천동부점,37.4866071084732,126.951339441759,서울 관악구 은천로 143,5
GS25 봉천한가온점,37.4844632604011,126.952697626474,서울 관악구 중앙길 38,5
CU 관악프렌즈점,37.48649944053,126.952452113082,서울 관악구 은천로 153,5
세븐일레븐 관악중앙점,37.4849399795626,126.95523002465,서울 관악구 관악로 227,5
GS25 봉천래인점,37.48691089266706,126.95394776679146,서울 관악구 은천로35나길 2,5
DC365 무인편의점 관악드림점,37.487914504261084,126.94927617160025,서울 관악구 은천로25길 27,5
CU 관악한샘점,37.4865977656371,126.955048124327,서울 관악구 은천로39길 13,5
GS25 봉천우성점,37.4850812626672,126.957188262887,서울 관악구 관악로28길 20,5
GS25 봉천사랑점,37.484541362054,126.959178537993,서울 관악구 관악로28길 58,5
GS25 관악푸르지오점,37.486537923952,126.9589694041,서울 관악구 관악로30길 17,5
GS25 사당바라크점,37.4869366265512,126.966092591004,서울 동작구 사당로2차길 36,5
GS25 뉴사당문화점,37.484561015416,126.970765565879,서울 동작구 사당로 206,5
세븐일레븐 남성사당로점,37.48533208291666,126.96998509964986,서울 동작구 사당로 193,5
GS25 사당프리미엄점,37.486281247984934,126.96808629251109,서울 동작구 사당로 174,5
CU 사당모임점,37.4855315703376,126.967943015294,서울 동작구 사당로2차길 82,5
GS25 사당센시티점,37.48676150083629,126.96814375374242,서울 동작구 사당로 169,5
GS25 S남성역점,37.484781798469726,126.97091133586129,서울 동작구 사당동 산 25-33,5
GS25 사당위브점,37.48562362973453,126.97211179103427,서울 동작구 사당로13길 36,5
CU 사당삼성점,37.48651468072716,126.97191698063364,서울 동작구 사당로17길 85,5
GS25 사당녹천점,37.4850835714867,126.979127807255,서울 동작구 동작대로25길 52-13,5
GS25 사당점,37.487858029481,126.975739418824,서울 동작구 사당로23나길 34,5
세븐일레븐 사당로이파크점,37.488145792946064,126.97315450565213,서울 동작구 사당로23길 112,5
GS25 이수중앙점,37.4856172144732,126.980570405658,서울 동작구 동작대로25길 33,5
GS25 방배이수점,37.486211286894175,126.98254330291833,서울 서초구 동작대로 108,5
세븐일레븐 사당서광점,37.48635876258355,126.98068215197603,서울 동작구 동작대로27다길 29,5
세븐일레븐 이수태평점,37.48533796340207,126.98094812347777,서울 동작구 사당로 301-1,5
GS25 사당우성점,37.4874227686499,126.980171929331,서울 동작구 동작대로27길 31,5
CU 이수나누리점,37.487649961576,126.981017640362,서울 동작구 동작대로27길 18,5
GS25 S이수역점,37.4852930242988,126.981651414414,서울 동작구 사당로 지하 310,5
CU 방배마에스트로점,37.4859078328559,126.983849313253,서울 서초구 서초대로 13,5
GS25 이수역점,37.485455674987115,126.98497330346007,서울 서초구 서초대로 24,5
세븐일레븐 이수세양점,37.4850347343774,126.983693468661,서울 서초구 서초대로 12,5
GS25 사당이수역점,37.48813117498027,126.98149128912637,서울 동작구 동작대로29길 8,5
CU 서초정우점,37.4861063572428,126.986239542284,서울 서초구 서초대로 35,5
CU 방배이수역점,37.4874629298143,126.983536903287,서울 서초구 동광로12가길 26,5
세븐일레븐 방배홈타운점,37.4881620558528,126.983138737224,서울 서초구 서초대로1길 21,5
CU 방배드림점,37.48762090511647,126.9858435161348,서울 서초구 도구로 123-2,5
GS25 방배프레시점,37.4852228928208,126.990566791536,서울 서초구 방배중앙로 62,5
GS25 구로이앤씨2차점,37.4867588295297,126.893044034316,서울 구로구 디지털로33길 55,5
이마트24 대림중앙타워점,37.4900367689558,126.900341715206,서울 영등포구 디지털로 363,5
이마트24 대림점,37.4887579267266,126.898913045432,서울 영등포구 디지털로 343,5
CU 구로대림점,37.49125265211333,126.89460147328174,서울 구로구 도림로 104,5
CU 대림점,37.489995725172186,126.9008200748381,서울 영등포구 디지털로 368,5
이마트24 대림차이나점,37.4902151335353,126.898187402875,서울 영등포구 디지털로37길 17,5
CU 대림차이나타운점,37.49199618832123,126.8979135993751,서울 영등포구 도림천로11길 25,5
이마트24 대림다사랑점,37.4912571072757,126.900786745638,서울 영등포구 디지털로53가길 2-2,5
GS25 대림본점,37.4888190187623,126.90300167264,서울 영등포구 디지털로54가길 2,5
세븐일레븐 대림역본점,37.4914729962748,126.896181976141,서울 영등포구 도림천로 375,5
GS25 대림우성점,37.490157614557965,126.89324837663904,서울 구로구 도림로22길 8,5
편의점,37.4875282613585,126.894011953818,서울 구로구 디지털로33길 50,5
GS25 신대방장안점,37.4884549143508,126.907371252244,서울 동작구 대림로 56,5
GS25 신대림초교점,37.4911385391555,126.905631087632,서울 영등포구 대림로8길 17,5
365편의점복권 대림대박점,37.4889079249013,126.905982158177,서울 영등포구 시흥대로 635,5
GS25 신대방후레쉬점,37.4903114756205,126.907993133584,서울 동작구 시흥대로 658,5
CU 신대방아너스빌점,37.4885281207604,126.908818487125,서울 동작구 신대방11길 13,5
CU 강남성심병원점,37.491630672088,126.908149823212,서울 영등포구 시흥대로 671,5
이마트24 self대림성모병원점,37.490682264552454,126.90744765471388,서울 영등포구 시흥대로 657,5
세븐일레븐 신대방문창점,37.4894595948104,126.910961232125,서울 동작구 신대방2길 70,5
CU 신대방우성점,37.4920072992528,126.909324237577,서울 동작구 신대방16다길 30,5
CU 관악신사로점,37.4889197194069,126.916909506512,서울 관악구 신사로 136,5
CU 보라매점,37.4916609663977,126.920076018807,서울 동작구 여의대방로20다길 22,5
세븐일레븐 신림한양점,37.4890766069032,126.919677362757,서울 관악구 관천로 137,5
CU 보라매산들점,37.4896333785599,126.92229555957,서울 관악구 봉천로 188,5
CU 보라매타운점,37.4908726359663,126.924256141525,서울 동작구 보라매로5가길 24,5
GS25 보라매타워점,37.4905744474059,126.922932329886,서울 동작구 보라매로5길 51,5
CU 보라매이글점,37.49167850482131,126.92342986531523,서울 동작구 보라매로5길 43,5
GS25 신림제일점,37.4886343609385,126.926842107264,서울 관악구 관천로22길 79,5
이마트24 전문건설회관점,37.4920025019247,126.924260654462,서울 동작구 보라매로5길 15,5
세븐일레븐 보라매점,37.491449265737835,126.92423294391165,서울 동작구 보라매로5가길 16,5
GS25 당곡역점,37.48910436512771,126.92778354840642,서울 관악구 신림로 391,5
CU 당곡역점,37.4894796823155,126.928602971678,서울 관악구 봉천로 241,5
GS25 신림가온점,37.4909205792204,126.928911428209,서울 관악구 당곡길 36,5
GS25 관악보라매점,37.491385597007834,126.92613382598987,서울 관악구 보라매로3길 17,5
세븐일레븐 봉천태영점,37.4900261526238,126.927876512879,서울 관악구 보라매로 4,5
GS25 보라매타운점,37.49176533069186,126.9253520887269,서울 동작구 보라매로5가길 7,5
CU 관악당곡점,37.4911647149314,126.92736883643,서울 관악구 보라매로 20,5
GS25 보라매본점,37.4892421132877,126.930613642467,서울 관악구 봉천로13나길 5,5
한강라면편의점,37.4899885382177,126.92825082565,서울 관악구 보라매로2길 2,5
CU 보라매당곡점,37.4887791800357,126.934083140568,서울 관악구 봉천로21길 41,5
세븐일레븐 관악소망점,37.4921753536904,126.929869138755,서울 관악구 당곡6길 46,5
GS25 봉천동신점,37.4888668338722,126.936190740849,서울 관악구 봉천로21나길 35,5
세븐일레븐 관악힐스점,37.4887291882606,126.941830919786,서울 관악구 국회단지길 74,5
GS25 봉천가람점,37.49040530347,126.942322627655,서울 관악구 국회단지길 110,5
CU 관악센트씨엘점,37.489905222242,126.946091781479,서울 관악구 양녕로16길 8,5
GS25 관악드림타운점,37.4917428535002,126.947147732239,서울 관악구 구암길 98,5
세븐일레븐 관악드림점,37.489112464775225,126.94839904432459,서울 관악구 은천로25길 69,5
CU 관악드림점,37.4889345513396,126.949524242318,서울 관악구 성현로 80,5
CU 관악동아타운점,37.4889303534886,126.957145360054,서울 관악구 관악로37길 15,5
GS25 관악스타힐스점,37.4884022913202,126.95949643125027,서울 관악구 청림3길 10,5
CU 관악청림점,37.4909700892108,126.956746167239,서울 관악구 관악로 306,5
GS25 사당자이점,37.4894945048112,126.962821341246,서울 동작구 사당로2가길 103,5
GS25 관악현대점,37.4917567640142,126.959559073944,서울 관악구 청림5길 87,5
CU 사당캐슬점,37.4902139547107,126.964266081381,서울 동작구 사당로2사길 37,5
CU 총신대종합관점,37.4898262799678,126.9665175749,서울 동작구 사당로 143,5
세븐일레븐 동작골든포레점,37.49239842040196,126.9627215239138,서울 동작구 사당로 90,5
GS25 사당래미안점,37.4901670789884,126.970731720248,서울 동작구 사당로23길 181,5
GS25 사당롯데캐슬점,37.4909574714759,126.971587397043,서울 동작구 사당로27길 190,5
CU 사당리가점,37.48894064527003,126.97388354169368,서울 동작구 사당로27길 130,5
CU 사당주영점,37.4905467330179,126.976213465794,서울 동작구 동작대로29길 127,5
CU 동작수석점,37.49188970546061,126.9741674699403,서울 동작구 동작대로29길 119,5
CU 사당어반점,37.4911170982166,126.981387653012,서울 동작구 동작대로35길 18,5
CU 사당보라점,37.4888934503702,126.98163696506,서울 동작구 동작대로29가길 20,5
세븐일레븐 이수남성점,37.48947007981174,126.98153731901219,서울 동작구 동작대로29가길 33,5
CU 동작늘솔길점,37.4922367014638,126.979290910675,서울 동작구 동작대로35다길 22,5
GS25 방배서문점,37.48945049150389,126.9831000025607,서울 서초구 서초대로1길 37,5
CU 방배파크점,37.4901518992897,126.986381274411,서울 서초구 동광로10길 21-7,5
CU 방배서문점,37.490978898871546,126.985334040334,서울 서초구 동광로 21,5
세븐일레븐 방배아이파크점,37.4910237837171,126.984056271787,서울 서초구 동광로 9,5
GS25 방배홈타운점,37.4919680745761,126.984318410892,서울 서초구 동광로3길 21,5
GS25 방배고려점,37.4893194969513,126.98754834423,서울 서초구 방배천로 160,5
GS25 방배원페를라점,37.4918829739158,126.988644769296,서울 서초구 서초대로19길 120,5
GS25 서초내방점,37.4880548007398,126.991071865552,서울 서초구 서초대로19길 22,5
이마트24 대림제일점,37.4939468533588,126.896859296218,서울 영등포구 도림로39길 7-2,5
GS25 도림로점,37.493062922375714,126.89680962614155,서울 영등포구 도림로 133,5
GS25 구로럭키점,37.491838428936255,126.89473860444002,서울 구로구 도림로 107,5
CU 영등포금화점,37.4948076076989,126.900350076806,서울 영등포구 대림로 154,5
GS25 대림역점,37.4937933649285,126.895473143869,서울 영등포구 대림로29길 43,5
GS25 구로대림점,37.4925835546445,126.893724376406,서울 구로구 구로중앙로8길 38,5
세븐일레븐 대림88타워점,37.493434411223745,126.89816380954089,서울 영등포구 도림로 144,5
GS25 대림으뜸점,37.49448151222717,126.89831617831047,서울 영등포구 도림로41길 6,5
CU 명지성모병원점,37.4933712557472,126.899114894555,서울 영등포구 대림로23길 13,5
CU 대림신대박점,37.493099948887625,126.90112354557085,서울 영등포구 대림로 133,5
세븐일레븐 M대림역2호점,37.49361568199574,126.8942532588908,서울 구로구 도림천로 352,5
GS25 S대림역점,37.4928502721808,126.896795218458,서울 영등포구 도림로 지하 137,5
세븐일레븐 대림두암점,37.49500280712758,126.89682957356027,서울 영등포구 대림로29길 24,5
GS25 구로진성점,37.49491451086258,126.89378213772767,서울 구로구 도림천로 336,5
GS25 대림한신점,37.4934511503417,126.9041717114,서울 영등포구 디지털로 413,5
CU 대림디지털점,37.4925785682939,126.903670758178,서울 영등포구 디지털로 404,5
GS25 대림파밀리에점,37.4951551307046,126.903282969198,서울 영등포구 도림로54길 16,5
CU 대림지성점,37.49452613538599,126.90539387786345,서울 영등포구 디지털로 431,5
CU 대림우성점,37.4959145431774,126.902024502254,서울 영등포구 도림로 188-1,5
세븐일레븐 대림이가채점,37.4930890069001,126.906497081617,서울 영등포구 디지털로70길 16,5
GS25 강남성심병원점,37.4932638137523,126.908817253509,서울 영등포구 신길로 1,5
CU 영등포아델포레점,37.49537071352391,126.9081011407931,서울 영등포구 신길로 29,5
GS25 동작스타점,37.4946614982023,126.911479755246,서울 동작구 여의대방로 30,5
GS25 신길보라매점,37.4958044586485,126.909738054866,서울 영등포구 신길로8길 11,5
CU 보라매센터점,37.4945781492776,126.91453079010125,서울 동작구 여의대방로10길 38,5
CU 보라매옴니타워점,37.4925787274627,126.923609871779,서울 동작구 보라매로5길 23,5
CU 보라매그린점,37.4954221222027,126.923327661469,서울 동작구 여의대방로22라길 23,5
CU 신대방타운점,37.4936752788549,126.926491165669,서울 동작구 보라매로7가길 1,5
GS25 신대방문창점,37.49620704813843,126.92217792684063,서울 동작구 여의대방로22나길 43,5
GS25 보라매삼성점,37.4948013214352,126.927600524895,서울 관악구 보라매로 62,5
GS25 관악해바라기점,37.49275229652911,126.92886106836059,서울 관악구 보라매로6길 33,5
CU 관악첼시점,37.4925043174316,126.931569528767,서울 관악구 당곡6나길 33,5
CU 신대방성당점,37.4954532181337,126.926898782598,서울 동작구 보라매로9가길 9,5
CU 동작스위트점,37.4961423416642,126.928128462425,서울 동작구 보라매로 76-1,5
세븐일레븐 동작국사봉점,37.49450630417322,126.93305359070692,서울 동작구 국사봉길 134,5
CU 동작국사봉길점,37.4961712241569,126.931240501619,서울 동작구 국사봉길 87-1,5
세븐일레븐 상도아람점,37.4934196902828,126.931482753072,서울 동작구 국사봉8길 77,5
GS25 상도아람점,37.4955833168268,126.933602212426,서울 동작구 국사봉1길 149,5
GS25 상도스카이점,37.4959091659397,126.93630235633,서울 동작구 성대로10길 56,5
세븐일레븐 동작스카이점,37.4949038829315,126.936749883708,서울 동작구 양녕로23길 125,5
CU 상도모아점,37.4959389058925,126.938008760776,서울 동작구 양녕로23길 96,5
CU 상도양녕로점,37.4957781924308,126.944589207321,서울 동작구 양녕로20길 80,5
GS25 상도골드점,37.4962120518391,126.943688738962,서울 동작구 양녕로26길 52,5
씨스페이스24 렉스빌점,37.4952725944071,126.942426313061,서울 동작구 양녕로23길 9,5
GS25 동작엠코타운점,37.495235265145375,126.94945441431668,서울 동작구 상도로 346-1,5
GS25 상도미래점,37.4933091927409,126.95458160706367,서울 동작구 상도로60가길 12,5
CU 숭실대원룸점,37.493816327362,126.954238666696,서울 동작구 상도로60길 15,5
GS25 숭실코아점,37.4949659803387,126.954156546185,서울 동작구 상도로62길 10,5
CU 상도삼호점,37.4934137140685,126.957001448948,서울 동작구 상도로 407-5,5
GS25 숭실대중앙점,37.4952118457375,126.956243896856,서울 동작구 사당로 18,5
CU 숭실대역점,37.4958091371999,126.95368108097,서울 동작구 상도로 368-1,5
GS25 숭실대점,37.4949744821077,126.957621374522,서울 동작구 사당로 30,5
GS25 숭실상현점,37.4959745225906,126.952672273639,서울 동작구 상도로56길 5,5
CU 숭실대중앙점,37.494703812305,126.956608316087,서울 동작구 상도로63길 21,5
이마트24 숭실대형남공학관점,37.49577677769,126.956245828922,서울 동작구 상도로 369,5
GS25 S숭실대입구역점,37.496361412859656,126.95357557163994,서울 동작구 상도로 지하 378,5
제로스토어 숭실대점,37.4951794822135,126.956440679016,서울 동작구 사당로 18-1,5
CU 숭실대점,37.4946902429801,126.958978514411,서울 동작구 사당로 42,5
세븐일레븐 상도점,37.4945826643018,126.960570759998,서울 동작구 사당로 56,5
GS25 숭실대생활관점,37.4950862068548,126.960212024685,서울 동작구 상도로 369,5
이마트24 SMART숭실대전산관점,37.4954860055128,126.959481297651,서울 동작구 상도로 369,5
GS25 사당재백점,37.49264024183849,126.97866773660276,서울 동작구 동작대로35라길 16,5
이마트24 동작정금마을점,37.4936698012822,126.98236176981,서울 동작구 동작대로 189,5
GS25 방배한성점,37.495154948281346,126.98440594877776,서울 서초구 방배중앙로27길 25,5
세븐일레븐 방배중앙로점,37.4925665573128,126.986022377433,서울 서초구 방배중앙로21길 10,5
CU 방배대로점,37.49415195007586,126.9831147745623,서울 서초구 동작대로 196,5
CU 사당갯마을점,37.4964043506235,126.982318154698,서울 동작구 동작대로43길 1,5
GS25 방배카페본점,37.493965860512155,126.98635683500403,서울 서초구 방배중앙로 166-1,5
CU 방배효점,37.4918173395025,126.990198461097,서울 서초구 서초대로23길 106,5
세븐일레븐 방배드림점,37.4935129428727,126.98914320462,서울 서초구 방배로37길 11,5
CU 방배지인점,37.4953453100489,126.986425564456,서울 서초구 방배로43길 37,5
CU 방배사이길점,37.49457983731672,126.9903179664241,서울 서초구 방배로42길 35,5
GS25 방배센트럴점,37.4908334724423,126.990605662538,서울 서초구 방배로31길 14,5
GS25 대림전국점,37.4980184636184,126.898900563727,서울 영등포구 대림로 192,5
CU 대림중앙점,37.4992842484815,126.897704642697,서울 영등포구 대림로 209,5
CU 영등포스타점,37.4969296566231,126.898444037533,서울 영등포구 대림로35가길 23,5
GS25 대림나누리점,37.496295030920614,126.89600793700434,서울 영등포구 대림로31길 26,5
GS25 대림승리점,37.4963199846523,126.899861805974,서울 영등포구 도림로47길 13,5
GS25 대림소망점,37.499146612086484,126.89589089434038,서울 영등포구 가마산로 329,5
CU 구로소담점,37.4963855234523,126.892420783228,서울 구로구 구로중앙로18길 71,5
CU 대림신동아점,37.49578023545243,126.89462903568293,서울 영등포구 대림로31길 40,5
이마트24 대림우리점,37.4970551295728,126.903010245412,서울 영등포구 도림로 203,5
GS25 도신초교점,37.4997374580061,126.900879568608,서울 영등포구 대림로34길 25-2,5
CU 대림행복점,37.500048600665004,126.89910025713525,서울 영등포구 대림로34다길 16,5
GS25 대림춘혜점,37.50023080989211,126.89724872992022,서울 영등포구 대림로39길 3,5
이마트24 대림신길점,37.4971581808596,126.906786030137,서울 영등포구 신길로15길 14,5
CU 신길썬프라자점,37.4965757361298,126.908587058034,서울 영등포구 신길로 42,5
세븐일레븐 신길우성점,37.4990167353351,126.90998637494,서울 영등포구 대방천로 172,5
인앤아웃편의점,37.5003501964022,126.905340163385,서울 영등포구 도림로 249-2,5
원트24편의점,37.499494798673,126.908332442502,서울 영등포구 대방천로 155,5
GS25 신풍스타점,37.4998138329641,126.909603176267,서울 영등포구 신풍로 28,5
GS25 영등포우성점,37.4992482829615,126.911162216895,서울 영등포구 대방천로 181-1,5
GS25 영등포평화점,37.497133818280375,126.91510574324268,서울 영등포구 여의대방로9길 6-2,5
CU 신풍역점,37.5003753785381,126.909889748293,서울 영등포구 신풍로 33,5
CU 신길한아름점,37.499448045598946,126.9132360279891,서울 영등포구 신풍로16길 20,5
GS25 S신풍역점,37.50009059192142,126.9097996187444,서울 영등포구 신풍로 지하 27,5
CU 보라매파크점,37.4972556601881,126.916660530266,서울 영등포구 여의대방로 89,5
세븐일레븐 신길미소점,37.4983035529528,126.915424455341,서울 영등포구 대방천로 222,5
GS25 영등포대길점,37.4986613880854,126.916885143183,서울 영등포구 대방천로 233,5
이마트24 보라매농심점,37.497528312591,126.920061850055,서울 동작구 여의대방로22길 4,5
GS25 보라매로점,37.5001114762464,126.918711066425,서울 영등포구 신풍로 113,5
세븐일레븐 보라매교차로점,37.49761288165571,126.92257905412636,서울 동작구 여의대방로22길 48,5
GS25 S보라매역점,37.499909959992145,126.92048905113589,서울 동작구 상도로 지하 2,5
GS25 동작우체국점,37.49770589533146,126.92429334391228,서울 동작구 여의대방로22길 78,5
CU 동작코스모스점,37.4993620752717,126.9244974932,서울 동작구 여의대방로26길 73,5
GS25 보라매자이점,37.4981371351509,126.925170462024,서울 동작구 여의대방로22길 121,5
GS25 대방타운점,37.4993825054115,126.922651865635,서울 동작구 여의대방로24라길 32,5
GS25 대방서울점,37.5002006271401,126.922664592531,서울 동작구 상도로 17-8,5
GS25 신대방중앙점,37.49845649185954,126.92873239234464,서울 동작구 국사봉길 12,5
CU 신대방점,37.498810377803366,126.92838600734179,서울 동작구 국사봉길 2,5
CU 신대방리안점,37.5000267931807,126.927007413848,서울 동작구 상도로 59,5
세븐일레븐 보라매자이점,37.49873270689109,126.92661739009944,서울 동작구 여의대방로22길 121,5
GS25 동작이편한점,37.49703911416813,126.928575420128,서울 동작구 국사봉2길 35,5
세븐일레븐 신대방점,37.497562070953826,126.92770755303755,서울 동작구 보라매로 91,5
세븐일레븐 대방본점,37.5000041353128,126.928261599612,서울 동작구 상도로 69,5
CU 신대방제일점,37.497714713079,126.929818724352,서울 동작구 국사봉길 38,5
CU 신대방삼거리역점,37.499601212936,126.926514760089,서울 동작구 상도로 56,5
세븐일레븐 동작대림점,37.5001986600527,126.925206855398,서울 동작구 상도로 43-1,5
GS25 뉴상도성대점,37.4981001197253,126.934123575683,서울 동작구 성대로8길 2,5
CU 상도맨하탄점,37.4975103788685,126.93326351044,서울 동작구 성대로6가길 31,5
세븐일레븐 동작서한점,37.496652686507,126.931800959572,서울 동작구 국사봉1길 108,5
CU 상도타운점,37.500126253155614,126.93057643077145,서울 동작구 상도로13길 2,5
GS25 상도행운점,37.4978455895911,126.931750116743,서울 동작구 국사봉1길 81,5
CU 상도예강점,37.49874463752089,126.93148014976111,서울 동작구 성대로6길 32,5
세븐일레븐 동작성대점,37.49908331196503,126.93286856362221,서울 동작구 성대로6길 6,5
뉴아이스께끼공장,37.4994186790029,126.933208660452,서울 동작구 성대로5길 2,5
GS25 동작성대점,37.49752143964394,126.93533071019348,서울 동작구 성대로12길 1,5
GS25 상도푸르지오점,37.4988798684443,126.939902813992,서울 동작구 양녕로25바길 47,5
GS25 상도클라베뉴점,37.4981624518695,126.93948044417,서울 동작구 성대로 164,5
CU 상도빌리지점,37.49909523900084,126.94176181207467,서울 동작구 양녕로25가길 32,5
GS25 뉴양녕골드점,37.4978124502971,126.942259257182,서울 동작구 양녕로25길 30,5
GS25 상도맨션점,37.4996306343538,126.940352306719,서울 동작구 성대로 189,5
신구멍가게24 상도점,37.4974346543974,126.941700904523,서울 동작구 양녕로25길 42,5
GS25 동작센타점,37.4982237912254,126.945161881917,서울 동작구 양녕로28길 28,5
CU 상도약수점,37.4990559249932,126.944315373779,서울 동작구 양녕로28길 4,5
GS25 상도아이파크점,37.5001895573298,126.942778771203,서울 동작구 장승배기로 18,5
GS25 상도엠코점,37.49722750888845,126.94973126173237,서울 동작구 상도로 346-2,5
CU 동작상도1호점,37.4989007063825,126.951965888954,서울 동작구 상도로37길 60,5
CU 상도엠코점,37.49702283320496,126.95153510660332,서울 동작구 상도로 346-1,5
GS25 상도장안점,37.4997257606781,126.951312835787,서울 동작구 상도로37길 48,5
이마트24 SMART숭실대숭덕경상관점,37.49685478147853,126.95491306022727,서울 동작구 상도로 369,5
이마트24 숭실대학생회관점,37.4970195614162,126.957051400743,서울 동작구 상도로 369,5
이마트24 숭실대라운지점,37.4966361779891,126.958294419404,서울 동작구 상도로 369,5
이마트24 숭실대조만식기념관점,37.4971965931607,126.958263574693,서울 동작구 상도로 369,5
조만식기념관편의점,37.4968333716924,126.957936961653,서울 동작구 상도로 369,5
CU 방배롯데캐슬점,37.4964334196401,126.983978224512,서울 서초구 방배중앙로29길 25,5
GS25 이수고가점,37.4970136132286,126.983580040949,서울 서초구 동작대로 230,5
세븐일레븐 방배7호점,37.49781582913972,126.98607228793674,서울 서초구 사평대로2길 16,5
세븐일레븐 반포사평로점,37.497764043287,126.990925959355,서울 서초구 사평대로6길 7,5
CU 대림사랑점,37.5017426539961,126.898239607725,서울 영등포구 가마산로41길 7,5
CU 영등포대림점,37.5014023553047,126.89648941021,서울 영등포구 도신로4길 25,5
세븐일레븐 대림2호점,37.5027461688767,126.895935657726,서울 영등포구 대림로 251,5
GS25 대림유진점,37.5027492592112,126.899504891267,서울 영등포구 가마산로45길 6,5
CU 영등포대성점,37.5012097442136,126.903103261214,서울 영등포구 도림로69길 26-1,5
세븐일레븐 대림중앙점,37.5025455198591,126.897279485951,서울 영등포구 대림로44길 5,5
CU 신길다온점,37.503561427083,126.903174864731,서울 영등포구 도림로 289,5
GS25 신길호수점,37.502021552236,126.904210519891,서울 영등포구 도림로 271,5
CU 신길센트럴점,37.50354646768002,126.90698392128866,서울 영등포구 신길로29길 17,5
GS25 신길파크자이점,37.5028633844885,126.9127288080696,서울 영등포구 신길로28길 25,5
GS25 신길중학교점,37.5011337081227,126.916828118992,서울 영등포구 여의대방로35길 39,5
CU 보라매뷰점,37.50139812709324,126.91873228991493,서울 영등포구 신풍로23길 16,5
CU 보라매SK뷰점,37.50385406043085,126.91843105607872,서울 영등포구 여의대방로35가길 19,5
GS25 대방중앙점,37.5039234552018,126.92247075222,서울 동작구 여의대방로36길 4,5
세븐일레븐 동작강남점,37.5029736713244,126.92228173628,서울 동작구 대방동15길 28-1,5
CU 대방행복점,37.50274847305519,126.92515455071818,서울 동작구 대방동15길 1,5
세븐일레븐 대방동길점,37.500589196265,126.927291854413,서울 동작구 대방동길 11,5
세븐일레븐 대방중앙점,37.5025316239531,126.927063784028,서울 동작구 대방동길 38,5
GS25 대방성남점,37.5041409077738,126.924338870647,서울 동작구 대방동23길 18,5
GS25 상도스위트점,37.50161973859564,126.93303593087813,서울 동작구 상도로15길 13,5
CU 상도개미점,37.5022077211078,126.93397181523,서울 동작구 상도로15길 36,5
GS25 동작상도점,37.501768239825,126.934347668569,서울 동작구 상도로 130,5
세븐일레븐 동작성대로점,37.50073314422315,126.93302767539784,서울 동작구 성대로1길 9,5
GS25 상도초교점,37.5011568909538,126.936795500608,서울 동작구 성대로29길 79,5
세븐일레븐 상도등용점,37.5037905698704,126.93520542219,서울 동작구 상도로15길 73,5
CU 상도더샵점,37.5015697895465,126.940730753193,서울 동작구 장승배기로 41,5
세븐일레븐 장승배기역점,37.50399991578686,126.93918281481204,서울 동작구 장승배기로 71,5
CU 상도포스코점,37.502022269008,126.944810778579,서울 동작구 장승배기로10길 130,5
이마트24 상도롯데캐슬점,37.501509260208366,126.94603254852288,서울 동작구 양녕로 220,5
GS25 상도트레지움점,37.50423880703435,126.94304824228263,서울 동작구 상도로30길 40,5
세븐일레븐 상도두산점,37.5040466240868,126.944375000953,서울 동작구 상도로30길 63,5
CU 상도대로점,37.5014618088065,126.948733215185,서울 동작구 상도로 292-1,5
세븐일레븐 상도역점,37.5028704449007,126.9475108375,서울 동작구 상도로 274,5
GS25 동작드림점,37.5040948836171,126.945460684675,서울 동작구 상도로34길 18,5
CU 상도역점,37.5034793954556,126.947220888359,서울 동작구 상도로 266,5
GS25 상도역점,37.5016314651789,126.949352843732,서울 동작구 상도로 293,5
GS25 상도노빌리티점,37.504319938574,126.947008806901,서울 동작구 상도로 257,5
상도편의점,37.5026831340782,126.947732632194,서울 동작구 상도로 276,5
CU 상도래미안점,37.5013592258785,126.95340159598,서울 동작구 상도로53길 47,5
GS25 상도금성점,37.5029714375641,126.95193274578435,서울 동작구 상도로47길 84,5
CU 상도터널점,37.50426272986782,126.9501246432091,서울 동작구 양녕로 280-1,5
세븐일레븐 상도터널점,37.50425947545827,126.94883535058098,서울 동작구 상도로 265-30,5
세븐일레븐 상도한사랑점,37.5024863765657,126.951152712556,서울 동작구 상도로41길 39,5
세븐일레븐 상도한마을점,37.5004721665394,126.952226120964,서울 동작구 상도로47길 30,5
CU 동작상도원룸점,37.5040254853793,126.951617664035,서울 동작구 상도로47길 107,5
CU 중앙대2생활관점,37.50235062065009,126.95652133316356,서울 동작구 흑석로 84,5
CU 중앙대308관점,37.5027310254187,126.957014201247,서울 동작구 흑석로 84,5
세븐일레븐 중앙대경영관점,37.50380461614253,126.95590751319732,서울 동작구 흑석로 84,5
CU 흑석센트레빌점,37.50217619806937,126.96013135953885,서울 동작구 서달로 91,5
GS25 흑석자이점,37.50285331376656,126.96151979280816,서울 동작구 서달로 90,5
GS25 흑석캐슬점,37.50418379185262,126.96058833049752,서울 동작구 서달로 123,5
GS25 흑석한강점,37.5032327767517,126.96485927838305,서울 동작구 흑석한강로 27,5
GS25 S9동작역점,37.5030674552294,126.977937574261,서울 동작구 현충로 지하 220,5
GS25 S4동작역점,37.502869646133625,126.98026736778657,서울 동작구 현충로 257,5
GS25 S9구반포역점,37.50145784328886,126.98738234565697,서울 서초구 신반포로 지하 17,5
