위도,경도,cctv_count,light_count,score,grade
37.4588,126.9006,0,0,0.0,위험
37.45969831117499,126.9006,0,0,0.0,위험
37.46059662234998,126.9006,0,0,0.0,위험
37.461494933524975,126.9006,0,0,0.0,위험
37.46239324469997,126.9006,0,0,0.0,위험
37.46329155587496,126.9006,0,0,0.0,위험
37.46418986704995,126.9006,0,0,0.0,위험
37.465088178224946,126.9006,0,0,0.0,위험
37.46598648939994,126.9006,0,0,0.0,위험
37.46688480057493,126.9006,0,0,0.0,위험
37.467783111749924,126.9006,0,0,0.0,위험
37.46868142292492,126.9006,0,0,0.0,위험
37.46957973409991,126.9006,0,0,0.0,위험
37.4704780452749,126.9006,0,0,0.0,위험
37.471376356449895,126.9006,0,0,0.0,위험
37.47227466762489,126.9006,0,0,0.0,위험
37.47317297879988,126.9006,0,0,0.0,위험
37.47407128997487,126.9006,0,0,0.0,위험
37.474969601149866,126.9006,0,0,0.0,위험
37.47586791232486,126.9006,0,0,0.0,위험
37.47676622349985,126.9006,0,0,0.0,위험
37.477664534674844,126.9006,0,0,0.0,위험
37.47856284584984,126.9006,0,0,0.0,위험
37.47946115702483,126.9006,0,0,0.0,위험
37.48035946819982,126.9006,1,0,0.62,안전
37.481257779374815,126.9006,1,0,0.62,안전
37.48215609054981,126.9006,0,0,0.0,위험
37.4830544017248,126.9006,0,0,0.0,위험
37.48395271289979,126.9006,0,0,0.0,위험
37.484851024074786,126.9006,0,5,9.09,안전
37.48574933524978,126.9006,0,9,16.36,안전
37.48664764642477,126.9006,0,0,0.0,위험
37.487545957599764,126.9006,0,0,0.0,위험
37.48844426877476,126.9006,0,0,0.0,위험
37.48934257994975,126.9006,0,0,0.0,위험
37.49024089112474,126.9006,0,0,0.0,위험
37.4588,126.9017320464922,0,0,0.0,위험
37.45969831117499,126.9017320464922,0,0,0.0,위험
37.46059662234998,126.9017320464922,0,0,0.0,위험
37.461494933524975,126.9017320464922,0,0,0.0,위험
37.46239324469997,126.9017320464922,0,0,0.0,위험
37.46329155587496,126.9017320464922,0,0,0.0,위험
37.46418986704995,126.9017320464922,0,0,0.0,위험
37.465088178224946,126.9017320464922,0,0,0.0,위험
37.46598648939994,126.9017320464922,0,0,0.0,위험
37.46688480057493,126.9017320464922,0,0,0.0,위험
37.467783111749924,126.9017320464922,0,0,0.0,위험
37.46868142292492,126.9017320464922,0,0,0.0,위험
37.46957973409991,126.9017320464922,0,0,0.0,위험
37.4704780452749,126.9017320464922,0,0,0.0,위험
37.471376356449895,126.9017320464922,0,0,0.0,위험
37.47227466762489,126.9017320464922,0,0,0.0,위험
37.47317297879988,126.9017320464922,0,0,0.0,위험
37.47407128997487,126.9017320464922,0,0,0.0,위험
37.474969601149866,126.9017320464922,0,0,0.0,위험
37.47586791232486,126.9017320464922,0,0,0.0,위험
37.47676622349985,126.9017320464922,0,0,0.0,위험
37.477664534674844,126.9017320464922,0,0,0.0,위험
37.47856284584984,126.9017320464922,0,0,0.0,위험
37.47946115702483,126.9017320464922,0,0,0.0,위험
37.48035946819982,126.9017320464922,0,0,0.0,위험
37.481257779374815,126.9017320464922,0,0,0.0,위험
37.48215609054981,126.9017320464922,4,0,2.5,안전
37.4830544017248,126.9017320464922,0,0,0.0,위험
37.48395271289979,126.9017320464922,0,0,0.0,위험
37.484851024074786,126.9017320464922,0,14,25.45,안전
37.48574933524978,126.9017320464922,0,12,21.82,안전
37.48664764642477,126.9017320464922,0,0,0.0,위험
37.487545957599764,126.9017320464922,0,0,0.0,위험
37.48844426877476,126.9017320464922,0,0,0.0,위험
37.48934257994975,126.9017320464922,0,0,0.0,위험
37.49024089112474,126.9017320464922,0,0,0.0,위험
37.4588,126.9028640929844,0,0,0.0,위험
37.45969831117499,126.9028640929844,0,0,0.0,위험
37.46059662234998,126.9028640929844,0,0,0.0,위험
37.461494933524975,126.9028640929844,0,0,0.0,위험
37.46239324469997,126.9028640929844,0,0,0.0,위험
37.46329155587496,126.9028640929844,0,0,0.0,위험
37.46418986704995,126.9028640929844,0,0,0.0,위험
37.465088178224946,126.9028640929844,0,0,0.0,위험
37.46598648939994,126.9028640929844,0,0,0.0,위험
37.46688480057493,126.9028640929844,0,0,0.0,위험
37.467783111749924,126.9028640929844,0,0,0.0,위험
37.46868142292492,126.9028640929844,0,0,0.0,위험
37.46957973409991,126.9028640929844,0,0,0.0,위험
37.4704780452749,126.9028640929844,0,0,0.0,위험
37.471376356449895,126.9028640929844,0,0,0.0,위험
37.47227466762489,126.9028640929844,0,0,0.0,위험
37.47317297879988,126.9028640929844,0,0,0.0,위험
37.47407128997487,126.9028640929844,0,0,0.0,위험
37.474969601149866,126.9028640929844,0,0,0.0,위험
37.47586791232486,126.9028640929844,0,0,0.0,위험
37.47676622349985,126.9028640929844,0,0,0.0,위험
37.477664534674844,126.9028640929844,0,0,0.0,위험
37.47856284584984,126.9028640929844,0,0,0.0,위험
37.47946115702483,126.9028640929844,0,0,0.0,위험
37.48035946819982,126.9028640929844,0,0,0.0,위험
37.481257779374815,126.9028640929844,4,0,2.5,안전
37.48215609054981,126.9028640929844,4,0,2.5,안전
37.4830544017248,126.9028640929844,4,0,2.5,안전
37.48395271289979,126.9028640929844,0,0,0.0,위험
37.484851024074786,126.9028640929844,0,16,29.09,안전
37.48574933524978,126.9028640929844,0,6,10.91,안전
37.48664764642477,126.9028640929844,0,0,0.0,위험
37.487545957599764,126.9028640929844,0,0,0.0,위험
37.48844426877476,126.9028640929844,0,0,0.0,위험
37.48934257994975,126.9028640929844,0,0,0.0,위험
37.49024089112474,126.9028640929844,0,0,0.0,위험
37.4588,126.9039961394766,0,0,0.0,위험
37.45969831117499,126.9039961394766,0,0,0.0,위험
37.46059662234998,126.9039961394766,0,0,0.0,위험
37.461494933524975,126.9039961394766,0,0,0.0,위험
37.46239324469997,126.9039961394766,0,0,0.0,위험
37.46329155587496,126.9039961394766,0,0,0.0,위험
37.46418986704995,126.9039961394766,0,0,0.0,위험
37.465088178224946,126.9039961394766,0,0,0.0,위험
37.46598648939994,126.9039961394766,0,0,0.0,위험
37.46688480057493,126.9039961394766,0,0,0.0,위험
37.467783111749924,126.9039961394766,0,0,0.0,위험
37.46868142292492,126.9039961394766,0,0,0.0,위험
37.46957973409991,126.9039961394766,0,0,0.0,위험
37.4704780452749,126.9039961394766,0,0,0.0,위험
37.471376356449895,126.9039961394766,0,0,0.0,위험
37.47227466762489,126.9039961394766,0,0,0.0,위험
37.47317297879988,126.9039961394766,0,0,0.0,위험
37.47407128997487,126.9039961394766,0,0,0.0,위험
37.474969601149866,126.9039961394766,0,0,0.0,위험
37.47586791232486,126.9039961394766,0,0,0.0,위험
37.47676622349985,126.9039961394766,0,0,0.0,위험
37.477664534674844,126.9039961394766,0,0,0.0,위험
37.47856284584984,126.9039961394766,0,0,0.0,위험
37.47946115702483,126.9039961394766,0,0,0.0,위험
37.48035946819982,126.9039961394766,0,0,0.0,위험
37.481257779374815,126.9039961394766,0,0,0.0,위험
37.48215609054981,126.9039961394766,0,0,0.0,위험
37.4830544017248,126.9039961394766,4,0,2.5,안전
37.48395271289979,126.9039961394766,0,0,0.0,위험
37.484851024074786,126.9039961394766,0,19,34.55,안전
37.48574933524978,126.9039961394766,0,6,10.91,안전
37.48664764642477,126.9039961394766,0,0,0.0,위험
37.487545957599764,126.9039961394766,0,0,0.0,위험
37.48844426877476,126.9039961394766,0,0,0.0,위험
37.48934257994975,126.9039961394766,0,0,0.0,위험
37.49024089112474,126.9039961394766,0,0,0.0,위험
37.4588,126.9051281859688,0,0,0.0,위험
37.45969831117499,126.9051281859688,0,0,0.0,위험
37.46059662234998,126.9051281859688,0,0,0.0,위험
37.461494933524975,126.9051281859688,0,0,0.0,위험
37.46239324469997,126.9051281859688,0,0,0.0,위험
37.46329155587496,126.9051281859688,0,0,0.0,위험
37.46418986704995,126.9051281859688,0,0,0.0,위험
37.465088178224946,126.9051281859688,0,0,0.0,위험
37.46598648939994,126.9051281859688,0,0,0.0,위험
37.46688480057493,126.9051281859688,0,0,0.0,위험
37.467783111749924,126.9051281859688,0,0,0.0,위험
37.46868142292492,126.9051281859688,0,0,0.0,위험
37.46957973409991,126.9051281859688,0,0,0.0,위험
37.4704780452749,126.9051281859688,0,0,0.0,위험
37.471376356449895,126.9051281859688,0,0,0.0,위험
37.47227466762489,126.9051281859688,0,0,0.0,위험
37.47317297879988,126.9051281859688,0,0,0.0,위험
37.47407128997487,126.9051281859688,0,0,0.0,위험
37.474969601149866,126.9051281859688,0,0,0.0,위험
37.47586791232486,126.9051281859688,0,0,0.0,위험
37.47676622349985,126.9051281859688,0,0,0.0,위험
37.477664534674844,126.9051281859688,0,0,0.0,위험
37.47856284584984,126.9051281859688,0,0,0.0,위험
37.47946115702483,126.9051281859688,0,0,0.0,위험
37.48035946819982,126.9051281859688,0,0,0.0,위험
37.481257779374815,126.9051281859688,0,0,0.0,위험
37.48215609054981,126.9051281859688,0,0,0.0,위험
37.4830544017248,126.9051281859688,0,0,0.0,위험
37.48395271289979,126.9051281859688,0,0,0.0,위험
37.484851024074786,126.9051281859688,0,22,40.0,안전
37.48574933524978,126.9051281859688,0,6,10.91,안전
37.48664764642477,126.9051281859688,0,0,0.0,위험
37.487545957599764,126.9051281859688,0,0,0.0,위험
37.48844426877476,126.9051281859688,0,0,0.0,위험
37.48934257994975,126.9051281859688,0,0,0.0,위험
37.49024089112474,126.9051281859688,0,0,0.0,위험
37.4588,126.90626023246101,0,0,0.0,위험
37.45969831117499,126.90626023246101,0,0,0.0,위험
37.46059662234998,126.90626023246101,0,0,0.0,위험
37.461494933524975,126.90626023246101,0,0,0.0,위험
37.46239324469997,126.90626023246101,0,0,0.0,위험
37.46329155587496,126.90626023246101,0,0,0.0,위험
37.46418986704995,126.90626023246101,0,0,0.0,위험
37.465088178224946,126.90626023246101,0,0,0.0,위험
37.46598648939994,126.90626023246101,0,0,0.0,위험
37.46688480057493,126.90626023246101,0,0,0.0,위험
37.467783111749924,126.90626023246101,0,0,0.0,위험
37.46868142292492,126.90626023246101,0,0,0.0,위험
37.46957973409991,126.90626023246101,0,0,0.0,위험
37.4704780452749,126.90626023246101,0,0,0.0,위험
37.471376356449895,126.90626023246101,0,0,0.0,위험
37.47227466762489,126.90626023246101,0,0,0.0,위험
37.47317297879988,126.90626023246101,0,0,0.0,위험
37.47407128997487,126.90626023246101,0,0,0.0,위험
37.474969601149866,126.90626023246101,0,0,0.0,위험
37.47586791232486,126.90626023246101,0,0,0.0,위험
37.47676622349985,126.90626023246101,0,0,0.0,위험
37.477664534674844,126.90626023246101,0,0,0.0,위험
37.47856284584984,126.90626023246101,0,0,0.0,위험
37.47946115702483,126.90626023246101,0,0,0.0,위험
37.48035946819982,126.90626023246101,0,0,0.0,위험
37.481257779374815,126.90626023246101,0,0,0.0,위험
37.48215609054981,126.90626023246101,0,0,0.0,위험
37.4830544017248,126.90626023246101,0,0,0.0,위험
37.48395271289979,126.90626023246101,0,0,0.0,위험
37.484851024074786,126.90626023246101,0,20,36.36,안전
37.48574933524978,126.90626023246101,0,9,16.36,안전
37.48664764642477,126.90626023246101,0,0,0.0,위험
37.487545957599764,126.90626023246101,0,0,0.0,위험
37.48844426877476,126.90626023246101,0,0,0.0,위험
37.48934257994975,126.90626023246101,0,0,0.0,위험
37.49024089112474,126.90626023246101,0,0,0.0,위험
37.4588,126.90739227895321,0,0,0.0,위험
37.45969831117499,126.90739227895321,0,0,0.0,위험
37.46059662234998,126.90739227895321,0,0,0.0,위험
37.461494933524975,126.90739227895321,0,0,0.0,위험
37.46239324469997,126.90739227895321,0,0,0.0,위험
37.46329155587496,126.90739227895321,0,0,0.0,위험
37.46418986704995,126.90739227895321,0,0,0.0,위험
37.465088178224946,126.90739227895321,0,0,0.0,위험
37.46598648939994,126.90739227895321,0,0,0.0,위험
37.46688480057493,126.90739227895321,0,0,0.0,위험
37.467783111749924,126.90739227895321,0,0,0.0,위험
37.46868142292492,126.90739227895321,0,0,0.0,위험
37.46957973409991,126.90739227895321,0,0,0.0,위험
37.4704780452749,126.90739227895321,0,0,0.0,위험
37.471376356449895,126.90739227895321,0,0,0.0,위험
37.47227466762489,126.90739227895321,0,0,0.0,위험
37.47317297879988,126.90739227895321,0,0,0.0,위험
37.47407128997487,126.90739227895321,0,0,0.0,위험
37.474969601149866,126.90739227895321,0,0,0.0,위험
37.47586791232486,126.90739227895321,0,0,0.0,위험
37.47676622349985,126.90739227895321,0,0,0.0,위험
37.477664534674844,126.90739227895321,0,0,0.0,위험
37.47856284584984,126.90739227895321,0,0,0.0,위험
37.47946115702483,126.90739227895321,0,0,0.0,위험
37.48035946819982,126.90739227895321,0,0,0.0,위험
37.481257779374815,126.90739227895321,0,0,0.0,위험
37.48215609054981,126.90739227895321,0,0,0.0,위험
37.4830544017248,126.90739227895321,0,0,0.0,위험
37.48395271289979,126.90739227895321,0,0,0.0,위험
37.484851024074786,126.90739227895321,0,15,27.27,안전
37.48574933524978,126.90739227895321,0,13,23.64,안전
37.48664764642477,126.90739227895321,0,0,0.0,위험
37.487545957599764,126.90739227895321,0,0,0.0,위험
37.48844426877476,126.90739227895321,0,0,0.0,위험
37.48934257994975,126.90739227895321,0,0,0.0,위험
37.49024089112474,126.90739227895321,0,0,0.0,위험
37.4588,126.90852432544541,0,0,0.0,위험
37.45969831117499,126.90852432544541,0,0,0.0,위험
37.46059662234998,126.90852432544541,0,0,0.0,위험
37.461494933524975,126.90852432544541,0,0,0.0,위험
37.46239324469997,126.90852432544541,0,0,0.0,위험
37.46329155587496,126.90852432544541,0,0,0.0,위험
37.46418986704995,126.90852432544541,0,0,0.0,위험
37.465088178224946,126.90852432544541,0,0,0.0,위험
37.46598648939994,126.90852432544541,0,0,0.0,위험
37.46688480057493,126.90852432544541,0,0,0.0,위험
37.467783111749924,126.90852432544541,0,0,0.0,위험
37.46868142292492,126.90852432544541,0,0,0.0,위험
37.46957973409991,126.90852432544541,0,0,0.0,위험
37.4704780452749,126.90852432544541,0,0,0.0,위험
37.471376356449895,126.90852432544541,0,0,0.0,위험
37.47227466762489,126.90852432544541,0,0,0.0,위험
37.47317297879988,126.90852432544541,0,0,0.0,위험
37.47407128997487,126.90852432544541,0,0,0.0,위험
37.474969601149866,126.90852432544541,0,0,0.0,위험
37.47586791232486,126.90852432544541,0,0,0.0,위험
37.47676622349985,126.90852432544541,0,0,0.0,위험
37.477664534674844,126.90852432544541,0,0,0.0,위험
37.47856284584984,126.90852432544541,0,0,0.0,위험
37.47946115702483,126.90852432544541,0,0,0.0,위험
37.48035946819982,126.90852432544541,0,0,0.0,위험
37.481257779374815,126.90852432544541,0,0,0.0,위험
37.48215609054981,126.90852432544541,0,0,0.0,위험
37.4830544017248,126.90852432544541,0,0,0.0,위험
37.48395271289979,126.90852432544541,0,0,0.0,위험
37.484851024074786,126.90852432544541,4,7,15.23,안전
37.48574933524978,126.90852432544541,4,17,33.41,안전
37.48664764642477,126.90852432544541,0,2,3.64,안전
37.487545957599764,126.90852432544541,0,0,0.0,위험
37.48844426877476,126.90852432544541,0,0,0.0,위험
37.48934257994975,126.90852432544541,0,0,0.0,위험
37.49024089112474,126.90852432544541,0,0,0.0,위험
37.4588,126.90965637193761,0,0,0.0,위험
37.45969831117499,126.90965637193761,0,0,0.0,위험
37.46059662234998,126.90965637193761,0,0,0.0,위험
37.461494933524975,126.90965637193761,0,0,0.0,위험
37.46239324469997,126.90965637193761,0,0,0.0,위험
37.46329155587496,126.90965637193761,0,0,0.0,위험
37.46418986704995,126.90965637193761,0,0,0.0,위험
37.465088178224946,126.90965637193761,0,0,0.0,위험
37.46598648939994,126.90965637193761,0,0,0.0,위험
37.46688480057493,126.90965637193761,0,0,0.0,위험
37.467783111749924,126.90965637193761,0,0,0.0,위험
37.46868142292492,126.90965637193761,0,0,0.0,위험
37.46957973409991,126.90965637193761,0,0,0.0,위험
37.4704780452749,126.90965637193761,0,0,0.0,위험
37.471376356449895,126.90965637193761,0,0,0.0,위험
37.47227466762489,126.90965637193761,0,0,0.0,위험
37.47317297879988,126.90965637193761,0,0,0.0,위험
37.47407128997487,126.90965637193761,0,0,0.0,위험
37.474969601149866,126.90965637193761,0,0,0.0,위험
37.47586791232486,126.90965637193761,0,0,0.0,위험
37.47676622349985,126.90965637193761,0,0,0.0,위험
37.477664534674844,126.90965637193761,0,0,0.0,위험
37.47856284584984,126.90965637193761,0,0,0.0,위험
37.47946115702483,126.90965637193761,0,0,0.0,위험
37.48035946819982,126.90965637193761,0,0,0.0,위험
37.481257779374815,126.90965637193761,0,0,0.0,위험
37.48215609054981,126.90965637193761,0,0,0.0,위험
37.4830544017248,126.90965637193761,0,0,0.0,위험
37.48395271289979,126.90965637193761,0,0,0.0,위험
37.484851024074786,126.90965637193761,4,0,2.5,안전
37.48574933524978,126.90965637193761,3,18,34.6,안전
37.48664764642477,126.90965637193761,0,8,14.55,안전
37.487545957599764,126.90965637193761,0,0,0.0,위험
37.48844426877476,126.90965637193761,0,0,0.0,위험
37.48934257994975,126.90965637193761,0,0,0.0,위험
37.49024089112474,126.90965637193761,0,0,0.0,위험
37.4588,126.91078841842982,0,0,0.0,위험
37.45969831117499,126.91078841842982,0,0,0.0,위험
37.46059662234998,126.91078841842982,0,0,0.0,위험
37.461494933524975,126.91078841842982,0,0,0.0,위험
37.46239324469997,126.91078841842982,0,0,0.0,위험
37.46329155587496,126.91078841842982,0,0,0.0,위험
37.46418986704995,126.91078841842982,0,0,0.0,위험
37.465088178224946,126.91078841842982,0,0,0.0,위험
37.46598648939994,126.91078841842982,0,0,0.0,위험
37.46688480057493,126.91078841842982,0,0,0.0,위험
37.467783111749924,126.91078841842982,0,0,0.0,위험
37.46868142292492,126.91078841842982,1,0,0.62,안전
37.46957973409991,126.91078841842982,2,0,1.25,안전
37.4704780452749,126.91078841842982,4,0,2.5,안전
37.471376356449895,126.91078841842982,3,0,1.88,안전
37.47227466762489,126.91078841842982,0,0,0.0,위험
37.47317297879988,126.91078841842982,0,0,0.0,위험
37.47407128997487,126.91078841842982,0,0,0.0,위험
37.474969601149866,126.91078841842982,0,0,0.0,위험
37.47586791232486,126.91078841842982,0,0,0.0,위험
37.47676622349985,126.91078841842982,0,0,0.0,위험
37.477664534674844,126.91078841842982,0,0,0.0,위험
37.47856284584984,126.91078841842982,0,0,0.0,위험
37.47946115702483,126.91078841842982,0,0,0.0,위험
37.48035946819982,126.91078841842982,4,0,2.5,안전
37.481257779374815,126.91078841842982,8,0,5.0,안전
37.48215609054981,126.91078841842982,4,0,2.5,안전
37.4830544017248,126.91078841842982,0,0,0.0,위험
37.48395271289979,126.91078841842982,0,0,0.0,위험
37.484851024074786,126.91078841842982,0,0,0.0,위험
37.48574933524978,126.91078841842982,0,11,20.0,안전
37.48664764642477,126.91078841842982,0,20,36.36,안전
37.487545957599764,126.91078841842982,0,0,0.0,위험
37.48844426877476,126.91078841842982,0,0,0.0,위험
37.48934257994975,126.91078841842982,0,0,0.0,위험
37.49024089112474,126.91078841842982,0,0,0.0,위험
37.4588,126.91192046492202,0,0,0.0,위험
37.45969831117499,126.91192046492202,0,0,0.0,위험
37.46059662234998,126.91192046492202,0,0,0.0,위험
37.461494933524975,126.91192046492202,0,0,0.0,위험
37.46239324469997,126.91192046492202,0,0,0.0,위험
37.46329155587496,126.91192046492202,0,0,0.0,위험
37.46418986704995,126.91192046492202,0,0,0.0,위험
37.465088178224946,126.91192046492202,0,0,0.0,위험
37.46598648939994,126.91192046492202,0,0,0.0,위험
37.46688480057493,126.91192046492202,0,0,0.0,위험
37.467783111749924,126.91192046492202,0,0,0.0,위험
37.46868142292492,126.91192046492202,0,0,0.0,위험
37.46957973409991,126.91192046492202,2,0,1.25,안전
37.4704780452749,126.91192046492202,3,0,1.88,안전
37.471376356449895,126.91192046492202,3,0,1.88,안전
37.47227466762489,126.91192046492202,0,0,0.0,위험
37.47317297879988,126.91192046492202,0,0,0.0,위험
37.47407128997487,126.91192046492202,0,0,0.0,위험
37.474969601149866,126.91192046492202,0,0,0.0,위험
37.47586791232486,126.91192046492202,0,0,0.0,위험
37.47676622349985,126.91192046492202,0,0,0.0,위험
37.477664534674844,126.91192046492202,0,0,0.0,위험
37.47856284584984,126.91192046492202,0,0,0.0,위험
37.47946115702483,126.91192046492202,0,0,0.0,위험
37.48035946819982,126.91192046492202,1,0,0.62,안전
37.481257779374815,126.91192046492202,4,0,2.5,안전
37.48215609054981,126.91192046492202,1,0,0.62,안전
37.4830544017248,126.91192046492202,0,0,0.0,위험
37.48395271289979,126.91192046492202,0,0,0.0,위험
37.484851024074786,126.91192046492202,0,0,0.0,위험
37.48574933524978,126.91192046492202,1,6,11.53,안전
37.48664764642477,126.91192046492202,0,22,40.0,안전
37.487545957599764,126.91192046492202,0,8,14.55,안전
37.48844426877476,126.91192046492202,0,0,0.0,위험
37.48934257994975,126.91192046492202,0,0,0.0,위험
37.49024089112474,126.91192046492202,0,0,0.0,위험
37.4588,126.91305251141422,0,0,0.0,위험
37.45969831117499,126.91305251141422,0,0,0.0,위험
37.46059662234998,126.91305251141422,0,0,0.0,위험
37.461494933524975,126.91305251141422,0,0,0.0,위험
37.46239324469997,126.91305251141422,0,0,0.0,위험
37.46329155587496,126.91305251141422,0,0,0.0,위험
37.46418986704995,126.91305251141422,0,0,0.0,위험
37.465088178224946,126.91305251141422,0,0,0.0,위험
37.46598648939994,126.91305251141422,0,0,0.0,위험
37.46688480057493,126.91305251141422,0,0,0.0,위험
37.467783111749924,126.91305251141422,0,0,0.0,위험
37.46868142292492,126.91305251141422,0,0,0.0,위험
37.46957973409991,126.91305251141422,0,0,0.0,위험
37.4704780452749,126.91305251141422,0,0,0.0,위험
37.471376356449895,126.91305251141422,0,0,0.0,위험
37.47227466762489,126.91305251141422,0,0,0.0,위험
37.47317297879988,126.91305251141422,0,0,0.0,위험
37.47407128997487,126.91305251141422,0,0,0.0,위험
37.474969601149866,126.91305251141422,0,0,0.0,위험
37.47586791232486,126.91305251141422,0,0,0.0,위험
37.47676622349985,126.91305251141422,0,0,0.0,위험
37.477664534674844,126.91305251141422,0,0,0.0,위험
37.47856284584984,126.91305251141422,0,0,0.0,위험
37.47946115702483,126.91305251141422,0,0,0.0,위험
37.48035946819982,126.91305251141422,0,0,0.0,위험
37.481257779374815,126.91305251141422,0,0,0.0,위험
37.48215609054981,126.91305251141422,0,0,0.0,위험
37.4830544017248,126.91305251141422,0,0,0.0,위험
37.48395271289979,126.91305251141422,0,0,0.0,위험
37.484851024074786,126.91305251141422,0,0,0.0,위험
37.48574933524978,126.91305251141422,3,0,1.88,안전
37.48664764642477,126.91305251141422,3,10,20.06,안전
37.487545957599764,126.91305251141422,0,20,36.36,안전
37.48844426877476,126.91305251141422,0,4,7.27,안전
37.48934257994975,126.91305251141422,0,0,0.0,위험
37.49024089112474,126.91305251141422,0,0,0.0,위험
37.4588,126.91418455790642,0,0,0.0,위험
37.45969831117499,126.91418455790642,0,0,0.0,위험
37.46059662234998,126.91418455790642,0,0,0.0,위험
37.461494933524975,126.91418455790642,0,0,0.0,위험
37.46239324469997,126.91418455790642,0,0,0.0,위험
37.46329155587496,126.91418455790642,0,0,0.0,위험
37.46418986704995,126.91418455790642,0,0,0.0,위험
37.465088178224946,126.91418455790642,0,0,0.0,위험
37.46598648939994,126.91418455790642,0,0,0.0,위험
37.46688480057493,126.91418455790642,0,0,0.0,위험
37.467783111749924,126.91418455790642,0,0,0.0,위험
37.46868142292492,126.91418455790642,0,0,0.0,위험
37.46957973409991,126.91418455790642,0,0,0.0,위험
37.4704780452749,126.91418455790642,0,0,0.0,위험
37.471376356449895,126.91418455790642,0,0,0.0,위험
37.47227466762489,126.91418455790642,0,0,0.0,위험
37.47317297879988,126.91418455790642,0,0,0.0,위험
37.47407128997487,126.91418455790642,0,0,0.0,위험
37.474969601149866,126.91418455790642,0,0,0.0,위험
37.47586791232486,126.91418455790642,0,0,0.0,위험
37.47676622349985,126.91418455790642,0,0,0.0,위험
37.477664534674844,126.91418455790642,0,0,0.0,위험
37.47856284584984,126.91418455790642,0,0,0.0,위험
37.47946115702483,126.91418455790642,0,0,0.0,위험
37.48035946819982,126.91418455790642,0,0,0.0,위험
37.481257779374815,126.91418455790642,0,0,0.0,위험
37.48215609054981,126.91418455790642,0,0,0.0,위험
37.4830544017248,126.91418455790642,0,0,0.0,위험
37.48395271289979,126.91418455790642,5,0,3.12,안전
37.484851024074786,126.91418455790642,5,0,3.12,안전
37.48574933524978,126.91418455790642,0,0,0.0,위험
37.48664764642477,126.91418455790642,2,0,1.25,안전
37.487545957599764,126.91418455790642,0,16,29.09,안전
37.48844426877476,126.91418455790642,0,17,30.91,안전
37.48934257994975,126.91418455790642,0,0,0.0,위험
37.49024089112474,126.91418455790642,0,0,0.0,위험
37.4588,126.91531660439863,0,0,0.0,위험
37.45969831117499,126.91531660439863,0,0,0.0,위험
37.46059662234998,126.91531660439863,0,0,0.0,위험
37.461494933524975,126.91531660439863,0,0,0.0,위험
37.46239324469997,126.91531660439863,0,0,0.0,위험
37.46329155587496,126.91531660439863,0,0,0.0,위험
37.46418986704995,126.91531660439863,0,0,0.0,위험
37.465088178224946,126.91531660439863,0,0,0.0,위험
37.46598648939994,126.91531660439863,0,0,0.0,위험
37.46688480057493,126.91531660439863,0,0,0.0,위험
37.467783111749924,126.91531660439863,0,0,0.0,위험
37.46868142292492,126.91531660439863,0,0,0.0,위험
37.46957973409991,126.91531660439863,0,0,0.0,위험
37.4704780452749,126.91531660439863,0,0,0.0,위험
37.471376356449895,126.91531660439863,0,0,0.0,위험
37.47227466762489,126.91531660439863,0,0,0.0,위험
37.47317297879988,126.91531660439863,0,0,0.0,위험
37.47407128997487,126.91531660439863,0,0,0.0,위험
37.474969601149866,126.91531660439863,0,0,0.0,위험
37.47586791232486,126.91531660439863,0,0,0.0,위험
37.47676622349985,126.91531660439863,0,0,0.0,위험
37.477664534674844,126.91531660439863,0,0,0.0,위험
37.47856284584984,126.91531660439863,0,0,0.0,위험
37.47946115702483,126.91531660439863,0,0,0.0,위험
37.48035946819982,126.91531660439863,0,0,0.0,위험
37.481257779374815,126.91531660439863,0,0,0.0,위험
37.48215609054981,126.91531660439863,0,0,0.0,위험
37.4830544017248,126.91531660439863,0,0,0.0,위험
37.48395271289979,126.91531660439863,5,0,3.12,안전
37.484851024074786,126.91531660439863,5,0,3.12,안전
37.48574933524978,126.91531660439863,0,0,0.0,위험
37.48664764642477,126.91531660439863,0,0,0.0,위험
37.487545957599764,126.91531660439863,0,0,0.0,위험
37.48844426877476,126.91531660439863,0,15,27.27,안전
37.48934257994975,126.91531660439863,0,13,23.64,안전
37.49024089112474,126.91531660439863,0,0,0.0,위험
37.4588,126.91644865089083,0,0,0.0,위험
37.45969831117499,126.91644865089083,0,0,0.0,위험
37.46059662234998,126.91644865089083,0,0,0.0,위험
37.461494933524975,126.91644865089083,0,0,0.0,위험
37.46239324469997,126.91644865089083,0,0,0.0,위험
37.46329155587496,126.91644865089083,0,0,0.0,위험
37.46418986704995,126.91644865089083,0,0,0.0,위험
37.465088178224946,126.91644865089083,0,0,0.0,위험
37.46598648939994,126.91644865089083,0,0,0.0,위험
37.46688480057493,126.91644865089083,0,0,0.0,위험
37.467783111749924,126.91644865089083,0,0,0.0,위험
37.46868142292492,126.91644865089083,0,0,0.0,위험
37.46957973409991,126.91644865089083,0,0,0.0,위험
37.4704780452749,126.91644865089083,1,0,0.62,안전
37.471376356449895,126.91644865089083,0,0,0.0,위험
37.47227466762489,126.91644865089083,0,0,0.0,위험
37.47317297879988,126.91644865089083,1,0,0.62,안전
37.47407128997487,126.91644865089083,0,0,0.0,위험
37.474969601149866,126.91644865089083,0,0,0.0,위험
37.47586791232486,126.91644865089083,0,0,0.0,위험
37.47676622349985,126.91644865089083,1,0,0.62,안전
37.477664534674844,126.91644865089083,1,0,0.62,안전
37.47856284584984,126.91644865089083,0,0,0.0,위험
37.47946115702483,126.91644865089083,0,0,0.0,위험
37.48035946819982,126.91644865089083,0,0,0.0,위험
37.481257779374815,126.91644865089083,0,0,0.0,위험
37.48215609054981,126.91644865089083,0,0,0.0,위험
37.4830544017248,126.91644865089083,0,0,0.0,위험
37.48395271289979,126.91644865089083,0,0,0.0,위험
37.484851024074786,126.91644865089083,3,0,1.88,안전
37.48574933524978,126.91644865089083,3,0,1.88,안전
37.48664764642477,126.91644865089083,0,0,0.0,위험
37.487545957599764,126.91644865089083,0,0,0.0,위험
37.48844426877476,126.91644865089083,0,2,3.64,안전
37.48934257994975,126.91644865089083,0,17,30.91,안전
37.49024089112474,126.91644865089083,0,4,7.27,안전
37.4588,126.91758069738303,0,0,0.0,위험
37.45969831117499,126.91758069738303,0,0,0.0,위험
37.46059662234998,126.91758069738303,0,0,0.0,위험
37.461494933524975,126.91758069738303,0,0,0.0,보통
37.46239324469997,126.91758069738303,0,0,0.0,보통
37.46329155587496,126.91758069738303,0,0,0.0,보통
37.46418986704995,126.91758069738303,0,0,0.0,보통
37.465088178224946,126.91758069738303,1,0,0.62,안전
37.46598648939994,126.91758069738303,1,0,0.62,안전
37.46688480057493,126.91758069738303,0,0,0.0,보통
37.467783111749924,126.91758069738303,0,0,0.0,보통
37.46868142292492,126.91758069738303,0,0,0.0,보통
37.46957973409991,126.91758069738303,0,0,0.0,보통
37.4704780452749,126.91758069738303,1,0,0.62,안전
37.471376356449895,126.91758069738303,1,0,0.62,안전
37.47227466762489,126.91758069738303,1,0,0.62,안전
37.47317297879988,126.91758069738303,1,0,0.62,안전
37.47407128997487,126.91758069738303,0,0,0.0,보통
37.474969601149866,126.91758069738303,0,0,0.0,보통
37.47586791232486,126.91758069738303,0,0,0.0,보통
37.47676622349985,126.91758069738303,0,0,0.0,보통
37.477664534674844,126.91758069738303,1,0,0.62,안전
37.47856284584984,126.91758069738303,0,0,0.0,보통
37.47946115702483,126.91758069738303,0,0,0.0,보통
37.48035946819982,126.91758069738303,0,0,0.0,보통
37.481257779374815,126.91758069738303,0,0,0.0,보통
37.48215609054981,126.91758069738303,2,0,1.25,안전
37.4830544017248,126.91758069738303,2,0,1.25,안전
37.48395271289979,126.91758069738303,0,0,0.0,보통
37.484851024074786,126.91758069738303,3,0,1.88,안전
37.48574933524978,126.91758069738303,2,0,1.25,안전
37.48664764642477,126.91758069738303,0,0,0.0,보통
37.487545957599764,126.91758069738303,0,0,0.0,보통
37.48844426877476,126.91758069738303,0,0,0.0,보통
37.48934257994975,126.91758069738303,0,3,5.45,안전
37.49024089112474,126.91758069738303,0,2,3.64,안전
37.4588,126.91871274387523,0,0,0.0,보통
37.45969831117499,126.91871274387523,0,0,0.0,보통
37.46059662234998,126.91871274387523,0,0,0.0,보통
37.461494933524975,126.91871274387523,3,0,1.88,안전
37.46239324469997,126.91871274387523,3,0,1.88,안전
37.46329155587496,126.91871274387523,0,0,0.0,보통
37.46418986704995,126.91871274387523,0,0,0.0,보통
37.465088178224946,126.91871274387523,1,0,0.62,안전
37.46598648939994,126.91871274387523,1,0,0.62,안전
37.46688480057493,126.91871274387523,0,0,0.0,보통
37.467783111749924,126.91871274387523,0,0,0.0,보통
37.46868142292492,126.91871274387523,0,0,0.0,보통
37.46957973409991,126.91871274387523,0,0,0.0,보통
37.4704780452749,126.91871274387523,0,0,0.0,보통
37.471376356449895,126.91871274387523,2,0,1.25,안전
37.47227466762489,126.91871274387523,2,0,1.25,안전
37.47317297879988,126.91871274387523,0,0,0.0,보통
37.47407128997487,126.91871274387523,0,0,0.0,보통
37.474969601149866,126.91871274387523,0,0,0.0,보통
37.47586791232486,126.91871274387523,0,0,0.0,보통
37.47676622349985,126.91871274387523,0,0,0.0,보통
37.477664534674844,126.91871274387523,0,0,0.0,보통
37.47856284584984,126.91871274387523,0,0,0.0,보통
37.47946115702483,126.91871274387523,0,0,0.0,보통
37.48035946819982,126.91871274387523,0,0,0.0,보통
37.481257779374815,126.91871274387523,0,0,0.0,보통
37.48215609054981,126.91871274387523,0,0,0.0,보통
37.4830544017248,126.91871274387523,2,0,1.25,안전
37.48395271289979,126.91871274387523,0,0,0.0,보통
37.484851024074786,126.91871274387523,0,0,0.0,보통
37.48574933524978,126.91871274387523,0,0,0.0,보통
37.48664764642477,126.91871274387523,0,0,0.0,보통
37.487545957599764,126.91871274387523,0,0,0.0,보통
37.48844426877476,126.91871274387523,0,0,0.0,보통
37.48934257994975,126.91871274387523,0,0,0.0,보통
37.49024089112474,126.91871274387523,0,0,0.0,보통
37.4588,126.91984479036743,0,0,0.0,보통
37.45969831117499,126.91984479036743,0,0,0.0,보통
37.46059662234998,126.91984479036743,0,0,0.0,보통
37.461494933524975,126.91984479036743,0,0,0.0,보통
37.46239324469997,126.91984479036743,3,0,1.88,안전
37.46329155587496,126.91984479036743,0,0,0.0,보통
37.46418986704995,126.91984479036743,0,0,0.0,보통
37.465088178224946,126.91984479036743,0,0,0.0,보통
37.46598648939994,126.91984479036743,0,0,0.0,보통
37.46688480057493,126.91984479036743,0,0,0.0,보통
37.467783111749924,126.91984479036743,1,0,0.62,안전
37.46868142292492,126.91984479036743,1,0,0.62,안전
37.46957973409991,126.91984479036743,0,0,0.0,보통
37.4704780452749,126.91984479036743,0,0,0.0,보통
37.471376356449895,126.91984479036743,2,0,1.25,안전
37.47227466762489,126.91984479036743,2,0,1.25,안전
37.47317297879988,126.91984479036743,0,0,0.0,보통
37.47407128997487,126.91984479036743,0,0,0.0,보통
37.474969601149866,126.91984479036743,1,0,0.62,안전
37.47586791232486,126.91984479036743,1,0,0.62,안전
37.47676622349985,126.91984479036743,0,0,0.0,보통
37.477664534674844,126.91984479036743,0,0,0.0,보통
37.47856284584984,126.91984479036743,0,0,0.0,보통
37.47946115702483,126.91984479036743,0,0,0.0,보통
37.48035946819982,126.91984479036743,0,0,0.0,보통
37.481257779374815,126.91984479036743,0,0,0.0,보통
37.48215609054981,126.91984479036743,0,0,0.0,보통
37.4830544017248,126.91984479036743,0,0,0.0,보통
37.48395271289979,126.91984479036743,0,0,0.0,보통
37.484851024074786,126.91984479036743,0,0,0.0,보통
37.48574933524978,126.91984479036743,0,0,0.0,보통
37.48664764642477,126.91984479036743,0,0,0.0,보통
37.487545957599764,126.91984479036743,0,0,0.0,보통
37.48844426877476,126.91984479036743,0,0,0.0,보통
37.48934257994975,126.91984479036743,3,0,1.88,안전
37.49024089112474,126.91984479036743,0,0,0.0,보통
37.4588,126.92097683685964,0,0,0.0,보통
37.45969831117499,126.92097683685964,0,0,0.0,보통
37.46059662234998,126.92097683685964,0,0,0.0,보통
37.461494933524975,126.92097683685964,0,0,0.0,보통
37.46239324469997,126.92097683685964,0,0,0.0,보통
37.46329155587496,126.92097683685964,0,0,0.0,보통
37.46418986704995,126.92097683685964,0,0,0.0,보통
37.465088178224946,126.92097683685964,0,0,0.0,보통
37.46598648939994,126.92097683685964,0,0,0.0,보통
37.46688480057493,126.92097683685964,0,0,0.0,보통
37.467783111749924,126.92097683685964,1,0,0.62,안전
37.46868142292492,126.92097683685964,1,0,0.62,안전
37.46957973409991,126.92097683685964,0,0,0.0,보통
37.4704780452749,126.92097683685964,0,0,0.0,보통
37.471376356449895,126.92097683685964,0,0,0.0,보통
37.47227466762489,126.92097683685964,0,0,0.0,보통
37.47317297879988,126.92097683685964,1,0,0.62,안전
37.47407128997487,126.92097683685964,1,0,0.62,안전
37.474969601149866,126.92097683685964,1,0,0.62,안전
37.47586791232486,126.92097683685964,2,0,1.25,안전
37.47676622349985,126.92097683685964,1,0,0.62,안전
37.477664534674844,126.92097683685964,0,0,0.0,보통
37.47856284584984,126.92097683685964,0,0,0.0,보통
37.47946115702483,126.92097683685964,0,0,0.0,보통
37.48035946819982,126.92097683685964,0,0,0.0,보통
37.481257779374815,126.92097683685964,0,0,0.0,보통
37.48215609054981,126.92097683685964,0,0,0.0,보통
37.4830544017248,126.92097683685964,0,0,0.0,보통
37.48395271289979,126.92097683685964,0,0,0.0,보통
37.484851024074786,126.92097683685964,0,0,0.0,보통
37.48574933524978,126.92097683685964,0,0,0.0,보통
37.48664764642477,126.92097683685964,0,0,0.0,보통
37.487545957599764,126.92097683685964,5,0,3.12,안전
37.48844426877476,126.92097683685964,4,0,2.5,안전
37.48934257994975,126.92097683685964,5,0,3.12,안전
37.49024089112474,126.92097683685964,2,0,1.25,안전
37.4588,126.92210888335184,0,0,0.0,보통
37.45969831117499,126.92210888335184,0,0,0.0,보통
37.46059662234998,126.92210888335184,0,0,0.0,보통
37.461494933524975,126.92210888335184,0,0,0.0,보통
37.46239324469997,126.92210888335184,0,0,0.0,보통
37.46329155587496,126.92210888335184,0,0,0.0,보통
37.46418986704995,126.92210888335184,0,0,0.0,보통
37.465088178224946,126.92210888335184,0,0,0.0,보통
37.46598648939994,126.92210888335184,0,0,0.0,보통
37.46688480057493,126.92210888335184,0,0,0.0,보통
37.467783111749924,126.92210888335184,0,0,0.0,보통
37.46868142292492,126.92210888335184,0,0,0.0,보통
37.46957973409991,126.92210888335184,0,0,0.0,보통
37.4704780452749,126.92210888335184,0,0,0.0,보통
37.471376356449895,126.92210888335184,0,0,0.0,보통
37.47227466762489,126.92210888335184,0,0,0.0,보통
37.47317297879988,126.92210888335184,1,0,0.62,안전
37.47407128997487,126.92210888335184,2,0,1.25,안전
37.474969601149866,126.92210888335184,1,0,0.62,안전
37.47586791232486,126.92210888335184,0,0,0.0,보통
37.47676622349985,126.92210888335184,1,0,0.62,안전
37.477664534674844,126.92210888335184,0,0,0.0,보통
37.47856284584984,126.92210888335184,0,0,0.0,보통
37.47946115702483,126.92210888335184,0,0,0.0,보통
37.48035946819982,126.92210888335184,0,0,0.0,보통
37.481257779374815,126.92210888335184,0,0,0.0,보통
37.48215609054981,126.92210888335184,0,0,0.0,보통
37.4830544017248,126.92210888335184,0,0,0.0,보통
37.48395271289979,126.92210888335184,0,0,0.0,보통
37.484851024074786,126.92210888335184,0,0,0.0,보통
37.48574933524978,126.92210888335184,0,0,0.0,보통
37.48664764642477,126.92210888335184,1,0,0.62,안전
37.487545957599764,126.92210888335184,20,0,12.5,안전
37.48844426877476,126.92210888335184,14,0,8.75,안전
37.48934257994975,126.92210888335184,16,0,10.0,안전
37.49024089112474,126.92210888335184,9,0,5.62,안전
37.4588,126.92324092984404,0,0,0.0,보통
37.45969831117499,126.92324092984404,0,0,0.0,보통
37.46059662234998,126.92324092984404,0,0,0.0,보통
37.461494933524975,126.92324092984404,0,0,0.0,보통
37.46239324469997,126.92324092984404,0,0,0.0,보통
37.46329155587496,126.92324092984404,0,0,0.0,보통
37.46418986704995,126.92324092984404,0,0,0.0,보통
37.465088178224946,126.92324092984404,0,0,0.0,보통
37.46598648939994,126.92324092984404,0,0,0.0,보통
37.46688480057493,126.92324092984404,0,0,0.0,보통
37.467783111749924,126.92324092984404,0,0,0.0,보통
37.46868142292492,126.92324092984404,0,0,0.0,보통
37.46957973409991,126.92324092984404,0,0,0.0,보통
37.4704780452749,126.92324092984404,0,0,0.0,보통
37.471376356449895,126.92324092984404,0,0,0.0,보통
37.47227466762489,126.92324092984404,0,0,0.0,보통
37.47317297879988,126.92324092984404,0,0,0.0,보통
37.47407128997487,126.92324092984404,1,0,0.62,안전
37.474969601149866,126.92324092984404,1,0,0.62,안전
37.47586791232486,126.92324092984404,0,0,0.0,보통
37.47676622349985,126.92324092984404,0,0,0.0,보통
37.477664534674844,126.92324092984404,0,0,0.0,보통
37.47856284584984,126.92324092984404,0,0,0.0,보통
37.47946115702483,126.92324092984404,4,0,2.5,안전
37.48035946819982,126.92324092984404,3,0,1.88,안전
37.481257779374815,126.92324092984404,1,0,0.62,안전
37.48215609054981,126.92324092984404,0,0,0.0,보통
37.4830544017248,126.92324092984404,0,0,0.0,보통
37.48395271289979,126.92324092984404,0,0,0.0,보통
37.484851024074786,126.92324092984404,0,0,0.0,보통
37.48574933524978,126.92324092984404,0,0,0.0,보통
37.48664764642477,126.92324092984404,74,0,46.25,안전
37.487545957599764,126.92324092984404,96,0,60.0,안전
37.48844426877476,126.92324092984404,27,0,16.88,안전
37.48934257994975,126.92324092984404,22,0,13.75,안전
37.49024089112474,126.92324092984404,4,0,2.5,안전
37.4588,126.92437297633624,0,0,0.0,보통
37.45969831117499,126.92437297633624,0,0,0.0,보통
37.46059662234998,126.92437297633624,0,0,0.0,보통
37.461494933524975,126.92437297633624,0,0,0.0,보통
37.46239324469997,126.92437297633624,0,0,0.0,보통
37.46329155587496,126.92437297633624,0,0,0.0,보통
37.46418986704995,126.92437297633624,0,0,0.0,보통
37.465088178224946,126.92437297633624,0,0,0.0,보통
37.46598648939994,126.92437297633624,0,0,0.0,보통
37.46688480057493,126.92437297633624,0,0,0.0,보통
37.467783111749924,126.92437297633624,0,0,0.0,보통
37.46868142292492,126.92437297633624,0,0,0.0,보통
37.46957973409991,126.92437297633624,0,0,0.0,보통
37.4704780452749,126.92437297633624,0,0,0.0,보통
37.471376356449895,126.92437297633624,0,0,0.0,보통
37.47227466762489,126.92437297633624,0,0,0.0,보통
37.47317297879988,126.92437297633624,0,0,0.0,보통
37.47407128997487,126.92437297633624,0,0,0.0,보통
37.474969601149866,126.92437297633624,0,0,0.0,보통
37.47586791232486,126.92437297633624,0,0,0.0,보통
37.47676622349985,126.92437297633624,0,0,0.0,보통
37.477664534674844,126.92437297633624,0,0,0.0,보통
37.47856284584984,126.92437297633624,0,0,0.0,보통
37.47946115702483,126.92437297633624,5,0,3.12,안전
37.48035946819982,126.92437297633624,6,0,3.75,안전
37.481257779374815,126.92437297633624,1,0,0.62,안전
37.48215609054981,126.92437297633624,0,0,0.0,보통
37.4830544017248,126.92437297633624,0,0,0.0,보통
37.48395271289979,126.92437297633624,0,0,0.0,보통
37.484851024074786,126.92437297633624,6,0,3.75,안전
37.48574933524978,126.92437297633624,6,0,3.75,안전
37.48664764642477,126.92437297633624,28,0,17.5,안전
37.487545957599764,126.92437297633624,89,0,55.62,안전
37.48844426877476,126.92437297633624,15,0,9.38,안전
37.48934257994975,126.92437297633624,9,0,5.62,안전
37.49024089112474,126.92437297633624,2,0,1.25,안전
37.4588,126.92550502282845,0,0,0.0,보통
37.45969831117499,126.92550502282845,0,0,0.0,보통
37.46059662234998,126.92550502282845,1,0,0.62,안전
37.461494933524975,126.92550502282845,1,0,0.62,안전
37.46239324469997,126.92550502282845,0,0,0.0,보통
37.46329155587496,126.92550502282845,0,0,0.0,보통
37.46418986704995,126.92550502282845,0,0,0.0,보통
37.465088178224946,126.92550502282845,0,0,0.0,보통
37.46598648939994,126.92550502282845,0,0,0.0,보통
37.46688480057493,126.92550502282845,0,0,0.0,보통
37.467783111749924,126.92550502282845,0,0,0.0,보통
37.46868142292492,126.92550502282845,0,0,0.0,보통
37.46957973409991,126.92550502282845,1,0,0.62,안전
37.4704780452749,126.92550502282845,3,0,1.88,안전
37.471376356449895,126.92550502282845,2,0,1.25,안전
37.47227466762489,126.92550502282845,0,0,0.0,보통
37.47317297879988,126.92550502282845,0,0,0.0,보통
37.47407128997487,126.92550502282845,0,0,0.0,보통
37.474969601149866,126.92550502282845,0,0,0.0,보통
37.47586791232486,126.92550502282845,0,0,0.0,보통
37.47676622349985,126.92550502282845,0,0,0.0,보통
37.477664534674844,126.92550502282845,0,0,0.0,보통
37.47856284584984,126.92550502282845,0,0,0.0,보통
37.47946115702483,126.92550502282845,0,0,0.0,보통
37.48035946819982,126.92550502282845,0,0,0.0,보통
37.481257779374815,126.92550502282845,0,0,0.0,보통
37.48215609054981,126.92550502282845,0,0,0.0,보통
37.4830544017248,126.92550502282845,0,0,0.0,보통
37.48395271289979,126.92550502282845,6,0,3.75,안전
37.484851024074786,126.92550502282845,12,0,7.5,안전
37.48574933524978,126.92550502282845,18,0,11.25,안전
37.48664764642477,126.92550502282845,11,0,6.88,안전
37.487545957599764,126.92550502282845,8,0,5.0,안전
37.48844426877476,126.92550502282845,8,0,5.0,안전
37.48934257994975,126.92550502282845,7,0,4.38,안전
37.49024089112474,126.92550502282845,4,0,2.5,안전
37.4588,126.92663706932065,1,0,0.62,안전
37.45969831117499,126.92663706932065,0,0,0.0,보통
37.46059662234998,126.92663706932065,0,0,0.0,보통
37.461494933524975,126.92663706932065,1,0,0.62,안전
37.46239324469997,126.92663706932065,0,0,0.0,보통
37.46329155587496,126.92663706932065,0,0,0.0,보통
37.46418986704995,126.92663706932065,0,0,0.0,보통
37.465088178224946,126.92663706932065,0,0,0.0,보통
37.46598648939994,126.92663706932065,0,0,0.0,보통
37.46688480057493,126.92663706932065,0,0,0.0,보통
37.467783111749924,126.92663706932065,0,0,0.0,보통
37.46868142292492,126.92663706932065,0,0,0.0,보통
37.46957973409991,126.92663706932065,0,0,0.0,보통
37.4704780452749,126.92663706932065,3,0,1.88,안전
37.471376356449895,126.92663706932065,0,0,0.0,보통
37.47227466762489,126.92663706932065,0,0,0.0,보통
37.47317297879988,126.92663706932065,0,0,0.0,보통
37.47407128997487,126.92663706932065,0,0,0.0,보통
37.474969601149866,126.92663706932065,0,0,0.0,보통
37.47586791232486,126.92663706932065,0,0,0.0,보통
37.47676622349985,126.92663706932065,0,0,0.0,보통
37.477664534674844,126.92663706932065,0,0,0.0,보통
37.47856284584984,126.92663706932065,0,0,0.0,보통
37.47946115702483,126.92663706932065,0,0,0.0,보통
37.48035946819982,126.92663706932065,0,0,0.0,보통
37.481257779374815,126.92663706932065,2,0,1.25,안전
37.48215609054981,126.92663706932065,0,0,0.0,보통
37.4830544017248,126.92663706932065,0,0,0.0,보통
37.48395271289979,126.92663706932065,4,0,2.5,안전
37.484851024074786,126.92663706932065,12,0,7.5,안전
37.48574933524978,126.92663706932065,12,0,7.5,안전
37.48664764642477,126.92663706932065,13,0,8.12,안전
37.487545957599764,126.92663706932065,12,0,7.5,안전
37.48844426877476,126.92663706932065,16,0,10.0,안전
37.48934257994975,126.92663706932065,2,0,1.25,안전
37.49024089112474,126.92663706932065,0,0,0.0,보통
37.4588,126.92776911581285,4,0,2.5,안전
37.45969831117499,126.92776911581285,3,0,1.88,안전
37.46059662234998,126.92776911581285,0,0,0.0,보통
37.461494933524975,126.92776911581285,0,0,0.0,보통
37.46239324469997,126.92776911581285,0,0,0.0,보통
37.46329155587496,126.92776911581285,0,0,0.0,보통
37.46418986704995,126.92776911581285,0,0,0.0,보통
37.465088178224946,126.92776911581285,0,0,0.0,보통
37.46598648939994,126.92776911581285,0,0,0.0,보통
37.46688480057493,126.92776911581285,0,0,0.0,보통
37.467783111749924,126.92776911581285,0,0,0.0,보통
37.46868142292492,126.92776911581285,0,0,0.0,보통
37.46957973409991,126.92776911581285,0,0,0.0,보통
37.4704780452749,126.92776911581285,0,0,0.0,보통
37.471376356449895,126.92776911581285,0,0,0.0,보통
37.47227466762489,126.92776911581285,0,0,0.0,보통
37.47317297879988,126.92776911581285,0,0,0.0,보통
37.47407128997487,126.92776911581285,0,0,0.0,보통
37.474969601149866,126.92776911581285,1,0,0.62,안전
37.47586791232486,126.92776911581285,4,0,2.5,안전
37.47676622349985,126.92776911581285,2,0,1.25,안전
37.477664534674844,126.92776911581285,0,0,0.0,보통
37.47856284584984,126.92776911581285,0,0,0.0,보통
37.47946115702483,126.92776911581285,0,0,0.0,보통
37.48035946819982,126.92776911581285,2,0,1.25,안전
37.481257779374815,126.92776911581285,2,0,1.25,안전
37.48215609054981,126.92776911581285,0,0,0.0,보통
37.4830544017248,126.92776911581285,0,0,0.0,보통
37.48395271289979,126.92776911581285,6,0,3.75,안전
37.484851024074786,126.92776911581285,15,0,9.38,안전
37.48574933524978,126.92776911581285,13,0,8.12,안전
37.48664764642477,126.92776911581285,17,0,10.62,안전
37.487545957599764,126.92776911581285,19,0,11.88,안전
37.48844426877476,126.92776911581285,8,0,5.0,안전
37.48934257994975,126.92776911581285,2,0,1.25,안전
37.49024089112474,126.92776911581285,0,0,0.0,보통
37.4588,126.92890116230505,2,0,1.25,안전
37.45969831117499,126.92890116230505,0,0,0.0,보통
37.46059662234998,126.92890116230505,0,0,0.0,보통
37.461494933524975,126.92890116230505,0,0,0.0,보통
37.46239324469997,126.92890116230505,0,0,0.0,보통
37.46329155587496,126.92890116230505,0,0,0.0,보통
37.46418986704995,126.92890116230505,0,0,0.0,보통
37.465088178224946,126.92890116230505,0,0,0.0,보통
37.46598648939994,126.92890116230505,0,0,0.0,보통
37.46688480057493,126.92890116230505,0,0,0.0,보통
37.467783111749924,126.92890116230505,0,0,0.0,보통
37.46868142292492,126.92890116230505,0,0,0.0,보통
37.46957973409991,126.92890116230505,1,0,0.62,안전
37.4704780452749,126.92890116230505,0,0,0.0,보통
37.471376356449895,126.92890116230505,1,0,0.62,안전
37.47227466762489,126.92890116230505,0,0,0.0,보통
37.47317297879988,126.92890116230505,0,0,0.0,보통
37.47407128997487,126.92890116230505,0,0,0.0,보통
37.474969601149866,126.92890116230505,0,0,0.0,보통
37.47586791232486,126.92890116230505,4,0,2.5,안전
37.47676622349985,126.92890116230505,0,0,0.0,보통
37.477664534674844,126.92890116230505,0,0,0.0,보통
37.47856284584984,126.92890116230505,0,0,0.0,보통
37.47946115702483,126.92890116230505,0,0,0.0,보통
37.48035946819982,126.92890116230505,3,0,1.88,안전
37.481257779374815,126.92890116230505,3,0,1.88,안전
37.48215609054981,126.92890116230505,0,0,0.0,보통
37.4830544017248,126.92890116230505,3,0,1.88,안전
37.48395271289979,126.92890116230505,14,0,8.75,안전
37.484851024074786,126.92890116230505,19,0,11.88,안전
37.48574933524978,126.92890116230505,17,0,10.62,안전
37.48664764642477,126.92890116230505,8,0,5.0,안전
37.487545957599764,126.92890116230505,15,0,9.38,안전
37.48844426877476,126.92890116230505,9,0,5.62,안전
37.48934257994975,126.92890116230505,0,0,0.0,보통
37.49024089112474,126.92890116230505,0,0,0.0,보통
37.4588,126.93003320879725,0,0,0.0,보통
37.45969831117499,126.93003320879725,0,0,0.0,보통
37.46059662234998,126.93003320879725,0,0,0.0,보통
37.461494933524975,126.93003320879725,0,0,0.0,보통
37.46239324469997,126.93003320879725,0,0,0.0,보통
37.46329155587496,126.93003320879725,0,0,0.0,보통
37.46418986704995,126.93003320879725,0,0,0.0,보통
37.465088178224946,126.93003320879725,0,0,0.0,보통
37.46598648939994,126.93003320879725,0,0,0.0,보통
37.46688480057493,126.93003320879725,0,0,0.0,보통
37.467783111749924,126.93003320879725,0,0,0.0,보통
37.46868142292492,126.93003320879725,1,0,0.62,안전
37.46957973409991,126.93003320879725,4,0,2.5,안전
37.4704780452749,126.93003320879725,3,0,1.88,안전
37.471376356449895,126.93003320879725,2,0,1.25,안전
37.47227466762489,126.93003320879725,1,0,0.62,안전
37.47317297879988,126.93003320879725,0,0,0.0,보통
37.47407128997487,126.93003320879725,0,0,0.0,보통
37.474969601149866,126.93003320879725,0,0,0.0,보통
37.47586791232486,126.93003320879725,1,0,0.62,안전
37.47676622349985,126.93003320879725,1,0,0.62,안전
37.477664534674844,126.93003320879725,0,0,0.0,보통
37.47856284584984,126.93003320879725,0,0,0.0,보통
37.47946115702483,126.93003320879725,0,0,0.0,보통
37.48035946819982,126.93003320879725,5,0,3.12,안전
37.481257779374815,126.93003320879725,8,0,5.0,안전
37.48215609054981,126.93003320879725,5,0,3.12,안전
37.4830544017248,126.93003320879725,2,0,1.25,안전
37.48395271289979,126.93003320879725,7,0,4.38,안전
37.484851024074786,126.93003320879725,15,0,9.38,안전
37.48574933524978,126.93003320879725,11,0,6.88,안전
37.48664764642477,126.93003320879725,8,0,5.0,안전
37.487545957599764,126.93003320879725,15,0,9.38,안전
37.48844426877476,126.93003320879725,14,0,8.75,안전
37.48934257994975,126.93003320879725,0,0,0.0,보통
37.49024089112474,126.93003320879725,0,0,0.0,보통
37.4588,126.93116525528946,0,0,0.0,보통
37.45969831117499,126.93116525528946,0,0,0.0,보통
37.46059662234998,126.93116525528946,0,0,0.0,보통
37.461494933524975,126.93116525528946,0,0,0.0,보통
37.46239324469997,126.93116525528946,0,0,0.0,보통
37.46329155587496,126.93116525528946,0,0,0.0,보통
37.46418986704995,126.93116525528946,0,0,0.0,보통
37.465088178224946,126.93116525528946,0,0,0.0,보통
37.46598648939994,126.93116525528946,0,0,0.0,보통
37.46688480057493,126.93116525528946,0,0,0.0,보통
37.467783111749924,126.93116525528946,0,0,0.0,보통
37.46868142292492,126.93116525528946,0,0,0.0,보통
37.46957973409991,126.93116525528946,3,0,1.88,안전
37.4704780452749,126.93116525528946,3,0,1.88,안전
37.471376356449895,126.93116525528946,1,0,0.62,안전
37.47227466762489,126.93116525528946,1,0,0.62,안전
37.47317297879988,126.93116525528946,0,0,0.0,보통
37.47407128997487,126.93116525528946,2,0,1.25,안전
37.474969601149866,126.93116525528946,2,0,1.25,안전
37.47586791232486,126.93116525528946,0,0,0.0,보통
37.47676622349985,126.93116525528946,1,0,0.62,안전
37.477664534674844,126.93116525528946,0,0,0.0,보통
37.47856284584984,126.93116525528946,0,0,0.0,보통
37.47946115702483,126.93116525528946,1,0,0.62,안전
37.48035946819982,126.93116525528946,2,0,1.25,안전
37.481257779374815,126.93116525528946,8,0,5.0,안전
37.48215609054981,126.93116525528946,4,0,2.5,안전
37.4830544017248,126.93116525528946,0,0,0.0,보통
37.48395271289979,126.93116525528946,2,0,1.25,안전
37.484851024074786,126.93116525528946,4,0,2.5,안전
37.48574933524978,126.93116525528946,6,0,3.75,안전
37.48664764642477,126.93116525528946,10,0,6.25,안전
37.487545957599764,126.93116525528946,9,0,5.62,안전
37.48844426877476,126.93116525528946,0,0,0.0,보통
37.48934257994975,126.93116525528946,0,0,0.0,보통
37.49024089112474,126.93116525528946,0,0,0.0,보통
37.4588,126.93229730178166,0,0,0.0,보통
37.45969831117499,126.93229730178166,0,0,0.0,보통
37.46059662234998,126.93229730178166,0,0,0.0,보통
37.461494933524975,126.93229730178166,0,0,0.0,보통
37.46239324469997,126.93229730178166,0,0,0.0,보통
37.46329155587496,126.93229730178166,0,0,0.0,보통
37.46418986704995,126.93229730178166,0,0,0.0,보통
37.465088178224946,126.93229730178166,0,0,0.0,보통
37.46598648939994,126.93229730178166,0,0,0.0,보통
37.46688480057493,126.93229730178166,0,0,0.0,보통
37.467783111749924,126.93229730178166,0,0,0.0,보통
37.46868142292492,126.93229730178166,0,0,0.0,보통
37.46957973409991,126.93229730178166,0,0,0.0,보통
37.4704780452749,126.93229730178166,0,0,0.0,보통
37.471376356449895,126.93229730178166,0,0,0.0,보통
37.47227466762489,126.93229730178166,4,0,2.5,안전
37.47317297879988,126.93229730178166,6,0,3.75,안전
37.47407128997487,126.93229730178166,0,0,0.0,보통
37.474969601149866,126.93229730178166,0,0,0.0,보통
37.47586791232486,126.93229730178166,0,0,0.0,보통
37.47676622349985,126.93229730178166,0,0,0.0,보통
37.477664534674844,126.93229730178166,0,0,0.0,보통
37.47856284584984,126.93229730178166,1,0,0.62,안전
37.47946115702483,126.93229730178166,6,0,3.75,안전
37.48035946819982,126.93229730178166,10,0,6.25,안전
37.481257779374815,126.93229730178166,11,0,6.88,안전
37.48215609054981,126.93229730178166,5,0,3.12,안전
37.4830544017248,126.93229730178166,0,0,0.0,보통
37.48395271289979,126.93229730178166,1,0,0.62,안전
37.484851024074786,126.93229730178166,4,0,2.5,안전
37.48574933524978,126.93229730178166,5,0,3.12,안전
37.48664764642477,126.93229730178166,9,0,5.62,안전
37.487545957599764,126.93229730178166,5,0,3.12,안전
37.48844426877476,126.93229730178166,0,0,0.0,보통
37.48934257994975,126.93229730178166,0,0,0.0,보통
37.49024089112474,126.93229730178166,0,0,0.0,보통
37.4588,126.93342934827386,0,0,0.0,보통
37.45969831117499,126.93342934827386,0,0,0.0,보통
37.46059662234998,126.93342934827386,0,0,0.0,보통
37.461494933524975,126.93342934827386,0,0,0.0,보통
37.46239324469997,126.93342934827386,0,0,0.0,보통
37.46329155587496,126.93342934827386,0,0,0.0,보통
37.46418986704995,126.93342934827386,3,0,1.88,안전
37.465088178224946,126.93342934827386,0,0,0.0,보통
37.46598648939994,126.93342934827386,0,0,0.0,보통
37.46688480057493,126.93342934827386,0,0,0.0,보통
37.467783111749924,126.93342934827386,0,0,0.0,보통
37.46868142292492,126.93342934827386,0,0,0.0,보통
37.46957973409991,126.93342934827386,0,0,0.0,보통
37.4704780452749,126.93342934827386,0,0,0.0,보통
37.471376356449895,126.93342934827386,4,0,2.5,안전
37.47227466762489,126.93342934827386,4,0,2.5,안전
37.47317297879988,126.93342934827386,6,0,3.75,안전
37.47407128997487,126.93342934827386,3,0,1.88,안전
37.474969601149866,126.93342934827386,0,0,0.0,보통
37.47586791232486,126.93342934827386,0,0,0.0,보통
37.47676622349985,126.93342934827386,0,0,0.0,보통
37.477664534674844,126.93342934827386,4,0,2.5,안전
37.47856284584984,126.93342934827386,5,0,3.12,안전
37.47946115702483,126.93342934827386,1,0,0.62,안전
37.48035946819982,126.93342934827386,0,0,0.0,보통
37.481257779374815,126.93342934827386,7,0,4.38,안전
37.48215609054981,126.93342934827386,1,0,0.62,안전
37.4830544017248,126.93342934827386,0,0,0.0,보통
37.48395271289979,126.93342934827386,1,0,0.62,안전
37.484851024074786,126.93342934827386,4,0,2.5,안전
37.48574933524978,126.93342934827386,7,0,4.38,안전
37.48664764642477,126.93342934827386,5,0,3.12,안전
37.487545957599764,126.93342934827386,0,0,0.0,보통
37.48844426877476,126.93342934827386,0,0,0.0,보통
37.48934257994975,126.93342934827386,0,0,0.0,보통
37.49024089112474,126.93342934827386,0,0,0.0,보통
37.4588,126.93456139476606,0,0,0.0,보통
37.45969831117499,126.93456139476606,0,0,0.0,보통
37.46059662234998,126.93456139476606,0,0,0.0,보통
37.461494933524975,126.93456139476606,0,0,0.0,보통
37.46239324469997,126.93456139476606,0,0,0.0,보통
37.46329155587496,126.93456139476606,0,0,0.0,보통
37.46418986704995,126.93456139476606,3,0,1.88,안전
37.465088178224946,126.93456139476606,3,0,1.88,안전
37.46598648939994,126.93456139476606,0,0,0.0,보통
37.46688480057493,126.93456139476606,0,0,0.0,보통
37.467783111749924,126.93456139476606,0,0,0.0,보통
37.46868142292492,126.93456139476606,0,0,0.0,보통
37.46957973409991,126.93456139476606,0,0,0.0,보통
37.4704780452749,126.93456139476606,0,0,0.0,보통
37.471376356449895,126.93456139476606,1,0,0.62,안전
37.47227466762489,126.93456139476606,1,0,0.62,안전
37.47317297879988,126.93456139476606,0,0,0.0,보통
37.47407128997487,126.93456139476606,0,0,0.0,보통
37.474969601149866,126.93456139476606,1,0,0.62,안전
37.47586791232486,126.93456139476606,0,0,0.0,보통
37.47676622349985,126.93456139476606,0,0,0.0,보통
37.477664534674844,126.93456139476606,4,0,2.5,안전
37.47856284584984,126.93456139476606,4,0,2.5,안전
37.47946115702483,126.93456139476606,0,0,0.0,보통
37.48035946819982,126.93456139476606,0,0,0.0,보통
37.481257779374815,126.93456139476606,0,0,0.0,보통
37.48215609054981,126.93456139476606,0,0,0.0,보통
37.4830544017248,126.93456139476606,0,0,0.0,보통
37.48395271289979,126.93456139476606,0,0,0.0,보통
37.484851024074786,126.93456139476606,3,0,1.88,안전
37.48574933524978,126.93456139476606,1,0,0.62,안전
37.48664764642477,126.93456139476606,0,0,0.0,보통
37.487545957599764,126.93456139476606,0,0,0.0,보통
37.48844426877476,126.93456139476606,0,0,0.0,보통
37.48934257994975,126.93456139476606,0,0,0.0,보통
37.49024089112474,126.93456139476606,0,0,0.0,보통
37.4588,126.93569344125827,0,0,0.0,보통
37.45969831117499,126.93569344125827,0,0,0.0,보통
37.46059662234998,126.93569344125827,0,0,0.0,보통
37.461494933524975,126.93569344125827,0,0,0.0,보통
37.46239324469997,126.93569344125827,0,0,0.0,보통
37.46329155587496,126.93569344125827,0,0,0.0,보통
37.46418986704995,126.93569344125827,0,0,0.0,보통
37.465088178224946,126.93569344125827,0,0,0.0,보통
37.46598648939994,126.93569344125827,0,0,0.0,보통
37.46688480057493,126.93569344125827,0,0,0.0,보통
37.467783111749924,126.93569344125827,0,0,0.0,보통
37.46868142292492,126.93569344125827,0,0,0.0,보통
37.46957973409991,126.93569344125827,0,0,0.0,보통
37.4704780452749,126.93569344125827,0,0,0.0,보통
37.471376356449895,126.93569344125827,0,0,0.0,보통
37.47227466762489,126.93569344125827,1,0,0.62,안전
37.47317297879988,126.93569344125827,0,0,0.0,보통
37.47407128997487,126.93569344125827,2,0,1.25,안전
37.474969601149866,126.93569344125827,4,0,2.5,안전
37.47586791232486,126.93569344125827,1,0,0.62,안전
37.47676622349985,126.93569344125827,1,0,0.62,안전
37.477664534674844,126.93569344125827,0,0,0.0,보통
37.47856284584984,126.93569344125827,0,0,0.0,보통
37.47946115702483,126.93569344125827,0,0,0.0,보통
37.48035946819982,126.93569344125827,0,0,0.0,보통
37.481257779374815,126.93569344125827,0,0,0.0,보통
37.48215609054981,126.93569344125827,0,0,0.0,보통
37.4830544017248,126.93569344125827,0,0,0.0,보통
37.48395271289979,126.93569344125827,0,0,0.0,보통
37.484851024074786,126.93569344125827,0,0,0.0,보통
37.48574933524978,126.93569344125827,0,0,0.0,보통
37.48664764642477,126.93569344125827,0,0,0.0,보통
37.487545957599764,126.93569344125827,0,0,0.0,보통
37.48844426877476,126.93569344125827,0,0,0.0,보통
37.48934257994975,126.93569344125827,0,0,0.0,보통
37.49024089112474,126.93569344125827,0,0,0.0,보통
37.4588,126.93682548775047,0,0,0.0,보통
37.45969831117499,126.93682548775047,0,0,0.0,보통
37.46059662234998,126.93682548775047,0,0,0.0,보통
37.461494933524975,126.93682548775047,0,0,0.0,보통
37.46239324469997,126.93682548775047,0,0,0.0,보통
37.46329155587496,126.93682548775047,0,0,0.0,보통
37.46418986704995,126.93682548775047,0,0,0.0,보통
37.465088178224946,126.93682548775047,0,0,0.0,보통
37.46598648939994,126.93682548775047,0,0,0.0,보통
37.46688480057493,126.93682548775047,0,0,0.0,보통
37.467783111749924,126.93682548775047,0,0,0.0,보통
37.46868142292492,126.93682548775047,0,0,0.0,보통
37.46957973409991,126.93682548775047,0,0,0.0,보통
37.4704780452749,126.93682548775047,0,0,0.0,보통
37.471376356449895,126.93682548775047,0,0,0.0,보통
37.47227466762489,126.93682548775047,0,0,0.0,보통
37.47317297879988,126.93682548775047,2,0,1.25,안전
37.47407128997487,126.93682548775047,5,0,3.12,안전
37.474969601149866,126.93682548775047,3,0,1.88,안전
37.47586791232486,126.93682548775047,1,0,0.62,안전
37.47676622349985,126.93682548775047,6,0,3.75,안전
37.477664534674844,126.93682548775047,5,0,3.12,안전
37.47856284584984,126.93682548775047,0,0,0.0,보통
37.47946115702483,126.93682548775047,0,0,0.0,보통
37.48035946819982,126.93682548775047,0,0,0.0,보통
37.481257779374815,126.93682548775047,0,0,0.0,보통
37.48215609054981,126.93682548775047,0,0,0.0,보통
37.4830544017248,126.93682548775047,1,0,0.62,안전
37.48395271289979,126.93682548775047,1,0,0.62,안전
37.484851024074786,126.93682548775047,0,0,0.0,보통
37.48574933524978,126.93682548775047,0,0,0.0,보통
37.48664764642477,126.93682548775047,0,0,0.0,보통
37.487545957599764,126.93682548775047,0,0,0.0,보통
37.48844426877476,126.93682548775047,0,0,0.0,보통
37.48934257994975,126.93682548775047,0,0,0.0,보통
37.49024089112474,126.93682548775047,0,0,0.0,보통
37.4588,126.93795753424267,0,0,0.0,보통
37.45969831117499,126.93795753424267,0,0,0.0,보통
37.46059662234998,126.93795753424267,0,0,0.0,보통
37.461494933524975,126.93795753424267,0,0,0.0,보통
37.46239324469997,126.93795753424267,0,0,0.0,보통
37.46329155587496,126.93795753424267,0,0,0.0,보통
37.46418986704995,126.93795753424267,0,0,0.0,보통
37.465088178224946,126.93795753424267,0,0,0.0,보통
37.46598648939994,126.93795753424267,0,0,0.0,보통
37.46688480057493,126.93795753424267,0,0,0.0,보통
37.467783111749924,126.93795753424267,0,0,0.0,보통
37.46868142292492,126.93795753424267,0,0,0.0,보통
37.46957973409991,126.93795753424267,0,0,0.0,보통
37.4704780452749,126.93795753424267,0,0,0.0,보통
37.471376356449895,126.93795753424267,0,0,0.0,보통
37.47227466762489,126.93795753424267,0,0,0.0,보통
37.47317297879988,126.93795753424267,2,0,1.25,안전
37.47407128997487,126.93795753424267,2,0,1.25,안전
37.474969601149866,126.93795753424267,0,0,0.0,보통
37.47586791232486,126.93795753424267,0,0,0.0,보통
37.47676622349985,126.93795753424267,5,0,3.12,안전
37.477664534674844,126.93795753424267,5,0,3.12,안전
37.47856284584984,126.93795753424267,0,0,0.0,보통
37.47946115702483,126.93795753424267,0,0,0.0,보통
37.48035946819982,126.93795753424267,0,0,0.0,보통
37.481257779374815,126.93795753424267,0,0,0.0,보통
37.48215609054981,126.93795753424267,0,0,0.0,보통
37.4830544017248,126.93795753424267,1,0,0.62,안전
37.48395271289979,126.93795753424267,1,0,0.62,안전
37.484851024074786,126.93795753424267,0,0,0.0,보통
37.48574933524978,126.93795753424267,0,0,0.0,보통
37.48664764642477,126.93795753424267,0,0,0.0,보통
37.487545957599764,126.93795753424267,0,0,0.0,보통
37.48844426877476,126.93795753424267,0,0,0.0,보통
37.48934257994975,126.93795753424267,0,0,0.0,보통
37.49024089112474,126.93795753424267,0,0,0.0,보통
37.4588,126.93908958073487,0,0,0.0,보통
37.45969831117499,126.93908958073487,0,0,0.0,보통
37.46059662234998,126.93908958073487,0,0,0.0,보통
37.461494933524975,126.93908958073487,0,0,0.0,보통
37.46239324469997,126.93908958073487,0,0,0.0,보통
37.46329155587496,126.93908958073487,0,0,0.0,보통
37.46418986704995,126.93908958073487,0,0,0.0,보통
37.465088178224946,126.93908958073487,0,0,0.0,보통
37.46598648939994,126.93908958073487,0,0,0.0,보통
37.46688480057493,126.93908958073487,0,0,0.0,보통
37.467783111749924,126.93908958073487,0,0,0.0,보통
37.46868142292492,126.93908958073487,0,0,0.0,보통
37.46957973409991,126.93908958073487,0,0,0.0,보통
37.4704780452749,126.93908958073487,0,0,0.0,보통
37.471376356449895,126.93908958073487,0,0,0.0,보통
37.47227466762489,126.93908958073487,0,0,0.0,보통
37.47317297879988,126.93908958073487,0,0,0.0,보통
37.47407128997487,126.93908958073487,0,0,0.0,보통
37.474969601149866,126.93908958073487,0,0,0.0,보통
37.47586791232486,126.93908958073487,0,0,0.0,보통
37.47676622349985,126.93908958073487,0,0,0.0,보통
37.477664534674844,126.93908958073487,0,0,0.0,보통
37.47856284584984,126.93908958073487,0,0,0.0,보통
37.47946115702483,126.93908958073487,0,0,0.0,보통
37.48035946819982,126.93908958073487,0,0,0.0,보통
37.481257779374815,126.93908958073487,0,0,0.0,보통
37.48215609054981,126.93908958073487,0,0,0.0,보통
37.4830544017248,126.93908958073487,0,0,0.0,보통
37.48395271289979,126.93908958073487,0,0,0.0,보통
37.484851024074786,126.93908958073487,0,0,0.0,보통
37.48574933524978,126.93908958073487,0,0,0.0,보통
37.48664764642477,126.93908958073487,0,0,0.0,보통
37.487545957599764,126.93908958073487,0,0,0.0,보통
37.48844426877476,126.93908958073487,0,0,0.0,보통
37.48934257994975,126.93908958073487,0,0,0.0,보통
37.49024089112474,126.93908958073487,0,0,0.0,보통
37.4588,126.94022162722707,0,0,0.0,보통
37.45969831117499,126.94022162722707,0,0,0.0,보통
37.46059662234998,126.94022162722707,0,0,0.0,보통
37.461494933524975,126.94022162722707,0,0,0.0,보통
37.46239324469997,126.94022162722707,0,0,0.0,보통
37.46329155587496,126.94022162722707,0,0,0.0,보통
37.46418986704995,126.94022162722707,0,0,0.0,보통
37.465088178224946,126.94022162722707,0,0,0.0,보통
37.46598648939994,126.94022162722707,0,0,0.0,보통
37.46688480057493,126.94022162722707,0,0,0.0,보통
37.467783111749924,126.94022162722707,0,0,0.0,보통
37.46868142292492,126.94022162722707,0,0,0.0,보통
37.46957973409991,126.94022162722707,0,0,0.0,보통
37.4704780452749,126.94022162722707,0,0,0.0,보통
37.471376356449895,126.94022162722707,0,0,0.0,보통
37.47227466762489,126.94022162722707,0,0,0.0,보통
37.47317297879988,126.94022162722707,2,0,1.25,안전
37.47407128997487,126.94022162722707,0,0,0.0,보통
37.474969601149866,126.94022162722707,0,0,0.0,보통
37.47586791232486,126.94022162722707,0,0,0.0,보통
37.47676622349985,126.94022162722707,4,0,2.5,안전
37.477664534674844,126.94022162722707,2,0,1.25,안전
37.47856284584984,126.94022162722707,0,0,0.0,보통
37.47946115702483,126.94022162722707,0,0,0.0,보통
37.48035946819982,126.94022162722707,0,0,0.0,보통
37.481257779374815,126.94022162722707,0,0,0.0,보통
37.48215609054981,126.94022162722707,0,0,0.0,보통
37.4830544017248,126.94022162722707,0,0,0.0,보통
37.48395271289979,126.94022162722707,0,0,0.0,보통
37.484851024074786,126.94022162722707,0,0,0.0,보통
37.48574933524978,126.94022162722707,0,0,0.0,보통
37.48664764642477,126.94022162722707,0,0,0.0,보통
37.487545957599764,126.94022162722707,0,0,0.0,보통
37.48844426877476,126.94022162722707,0,0,0.0,보통
37.48934257994975,126.94022162722707,0,0,0.0,보통
37.49024089112474,126.94022162722707,0,0,0.0,보통
37.4588,126.94135367371928,0,0,0.0,보통
37.45969831117499,126.94135367371928,0,0,0.0,보통
37.46059662234998,126.94135367371928,0,0,0.0,보통
37.461494933524975,126.94135367371928,0,0,0.0,보통
37.46239324469997,126.94135367371928,0,0,0.0,보통
37.46329155587496,126.94135367371928,0,0,0.0,보통
37.46418986704995,126.94135367371928,0,0,0.0,보통
37.465088178224946,126.94135367371928,0,0,0.0,보통
37.46598648939994,126.94135367371928,0,0,0.0,보통
37.46688480057493,126.94135367371928,0,0,0.0,보통
37.467783111749924,126.94135367371928,0,0,0.0,보통
37.46868142292492,126.94135367371928,0,0,0.0,보통
37.46957973409991,126.94135367371928,0,0,0.0,보통
37.4704780452749,126.94135367371928,0,0,0.0,보통
37.471376356449895,126.94135367371928,0,0,0.0,보통
37.47227466762489,126.94135367371928,0,0,0.0,보통
37.47317297879988,126.94135367371928,2,0,1.25,안전
37.47407128997487,126.94135367371928,0,0,0.0,보통
37.474969601149866,126.94135367371928,0,0,0.0,보통
37.47586791232486,126.94135367371928,0,0,0.0,보통
37.47676622349985,126.94135367371928,4,0,2.5,안전
37.477664534674844,126.94135367371928,2,0,1.25,안전
37.47856284584984,126.94135367371928,0,0,0.0,보통
37.47946115702483,126.94135367371928,0,0,0.0,보통
37.48035946819982,126.94135367371928,0,0,0.0,보통
37.481257779374815,126.94135367371928,0,0,0.0,보통
37.48215609054981,126.94135367371928,0,0,0.0,보통
37.4830544017248,126.94135367371928,0,0,0.0,보통
37.48395271289979,126.94135367371928,0,0,0.0,보통
37.484851024074786,126.94135367371928,0,0,0.0,보통
37.48574933524978,126.94135367371928,0,0,0.0,보통
37.48664764642477,126.94135367371928,0,0,0.0,보통
37.487545957599764,126.94135367371928,0,0,0.0,보통
37.48844426877476,126.94135367371928,0,0,0.0,보통
37.48934257994975,126.94135367371928,0,0,0.0,보통
37.49024089112474,126.94135367371928,0,0,0.0,보통
37.4588,126.94248572021148,0,0,0.0,보통
37.45969831117499,126.94248572021148,0,0,0.0,보통
37.46059662234998,126.94248572021148,0,0,0.0,보통
37.461494933524975,126.94248572021148,0,0,0.0,보통
37.46239324469997,126.94248572021148,0,0,0.0,보통
37.46329155587496,126.94248572021148,0,0,0.0,보통
37.46418986704995,126.94248572021148,0,0,0.0,보통
37.465088178224946,126.94248572021148,0,0,0.0,보통
37.46598648939994,126.94248572021148,0,0,0.0,보통
37.46688480057493,126.94248572021148,0,0,0.0,보통
37.467783111749924,126.94248572021148,0,0,0.0,보통
37.46868142292492,126.94248572021148,0,0,0.0,보통
37.46957973409991,126.94248572021148,0,0,0.0,보통
37.4704780452749,126.94248572021148,0,0,0.0,보통
37.471376356449895,126.94248572021148,0,0,0.0,보통
37.47227466762489,126.94248572021148,0,0,0.0,보통
37.47317297879988,126.94248572021148,0,0,0.0,보통
37.47407128997487,126.94248572021148,0,0,0.0,보통
37.474969601149866,126.94248572021148,0,0,0.0,보통
37.47586791232486,126.94248572021148,0,0,0.0,보통
37.47676622349985,126.94248572021148,0,0,0.0,보통
37.477664534674844,126.94248572021148,0,0,0.0,보통
37.47856284584984,126.94248572021148,0,0,0.0,보통
37.47946115702483,126.94248572021148,0,0,0.0,보통
37.48035946819982,126.94248572021148,0,0,0.0,보통
37.481257779374815,126.94248572021148,0,0,0.0,보통
37.48215609054981,126.94248572021148,0,0,0.0,보통
37.4830544017248,126.94248572021148,0,0,0.0,보통
37.48395271289979,126.94248572021148,0,0,0.0,보통
37.484851024074786,126.94248572021148,0,0,0.0,보통
37.48574933524978,126.94248572021148,0,0,0.0,보통
37.48664764642477,126.94248572021148,0,0,0.0,보통
37.487545957599764,126.94248572021148,0,0,0.0,보통
37.48844426877476,126.94248572021148,0,0,0.0,보통
37.48934257994975,126.94248572021148,0,0,0.0,보통
37.49024089112474,126.94248572021148,0,0,0.0,보통
37.4588,126.94361776670368,0,0,0.0,보통
37.45969831117499,126.94361776670368,0,0,0.0,보통
37.46059662234998,126.94361776670368,0,0,0.0,보통
37.461494933524975,126.94361776670368,0,0,0.0,보통
37.46239324469997,126.94361776670368,0,0,0.0,보통
37.46329155587496,126.94361776670368,0,0,0.0,보통
37.46418986704995,126.94361776670368,0,0,0.0,보통
37.465088178224946,126.94361776670368,0,0,0.0,보통
37.46598648939994,126.94361776670368,0,0,0.0,보통
37.46688480057493,126.94361776670368,0,0,0.0,보통
37.467783111749924,126.94361776670368,0,0,0.0,보통
37.46868142292492,126.94361776670368,0,0,0.0,보통
37.46957973409991,126.94361776670368,0,0,0.0,보통
37.4704780452749,126.94361776670368,0,0,0.0,보통
37.471376356449895,126.94361776670368,0,0,0.0,보통
37.47227466762489,126.94361776670368,0,0,0.0,보통
37.47317297879988,126.94361776670368,0,0,0.0,보통
37.47407128997487,126.94361776670368,0,0,0.0,보통
37.474969601149866,126.94361776670368,0,0,0.0,보통
37.47586791232486,126.94361776670368,0,0,0.0,보통
37.47676622349985,126.94361776670368,0,0,0.0,안전
37.477664534674844,126.94361776670368,0,0,0.0,안전
37.47856284584984,126.94361776670368,0,0,0.0,안전
37.47946115702483,126.94361776670368,0,0,0.0,안전
37.48035946819982,126.94361776670368,0,0,0.0,안전
37.481257779374815,126.94361776670368,0,0,0.0,안전
37.48215609054981,126.94361776670368,0,0,0.0,안전
37.4830544017248,126.94361776670368,0,0,0.0,안전
37.48395271289979,126.94361776670368,0,0,0.0,안전
37.484851024074786,126.94361776670368,0,0,0.0,안전
37.48574933524978,126.94361776670368,0,0,0.0,안전
37.48664764642477,126.94361776670368,0,0,0.0,안전
37.487545957599764,126.94361776670368,0,0,0.0,안전
37.48844426877476,126.94361776670368,0,0,0.0,안전
37.48934257994975,126.94361776670368,0,0,0.0,안전
37.49024089112474,126.94361776670368,0,0,0.0,안전
37.4588,126.94474981319588,0,0,0.0,안전
37.45969831117499,126.94474981319588,0,0,0.0,안전
37.46059662234998,126.94474981319588,0,0,0.0,안전
37.461494933524975,126.94474981319588,0,0,0.0,안전
37.46239324469997,126.94474981319588,0,0,0.0,안전
37.46329155587496,126.94474981319588,0,0,0.0,안전
37.46418986704995,126.94474981319588,0,0,0.0,안전
37.465088178224946,126.94474981319588,0,0,0.0,안전
37.46598648939994,126.94474981319588,0,0,0.0,안전
37.46688480057493,126.94474981319588,0,0,0.0,안전
37.467783111749924,126.94474981319588,0,0,0.0,안전
37.46868142292492,126.94474981319588,0,0,0.0,안전
37.46957973409991,126.94474981319588,0,0,0.0,안전
37.4704780452749,126.94474981319588,0,0,0.0,안전
37.471376356449895,126.94474981319588,0,0,0.0,안전
37.47227466762489,126.94474981319588,0,0,0.0,안전
37.47317297879988,126.94474981319588,0,0,0.0,안전
37.47407128997487,126.94474981319588,0,0,0.0,안전
37.474969601149866,126.94474981319588,0,0,0.0,안전
37.47586791232486,126.94474981319588,0,0,0.0,안전
37.47676622349985,126.94474981319588,0,0,0.0,안전
37.477664534674844,126.94474981319588,0,0,0.0,안전
37.47856284584984,126.94474981319588,0,0,0.0,안전
37.47946115702483,126.94474981319588,0,0,0.0,안전
37.48035946819982,126.94474981319588,0,0,0.0,안전
37.481257779374815,126.94474981319588,0,0,0.0,안전
37.48215609054981,126.94474981319588,0,0,0.0,안전
37.4830544017248,126.94474981319588,0,0,0.0,안전
37.48395271289979,126.94474981319588,0,0,0.0,안전
37.484851024074786,126.94474981319588,0,0,0.0,안전
37.48574933524978,126.94474981319588,0,0,0.0,안전
37.48664764642477,126.94474981319588,0,0,0.0,안전
37.487545957599764,126.94474981319588,0,0,0.0,안전
37.48844426877476,126.94474981319588,0,0,0.0,안전
37.48934257994975,126.94474981319588,0,0,0.0,안전
37.49024089112474,126.94474981319588,0,0,0.0,안전
37.4588,126.94588185968809,0,0,0.0,안전
37.45969831117499,126.94588185968809,0,0,0.0,안전
37.46059662234998,126.94588185968809,0,0,0.0,안전
37.461494933524975,126.94588185968809,0,0,0.0,안전
37.46239324469997,126.94588185968809,0,0,0.0,안전
37.46329155587496,126.94588185968809,0,0,0.0,안전
37.46418986704995,126.94588185968809,0,0,0.0,안전
37.465088178224946,126.94588185968809,0,0,0.0,안전
37.46598648939994,126.94588185968809,0,0,0.0,안전
37.46688480057493,126.94588185968809,0,0,0.0,안전
37.467783111749924,126.94588185968809,0,0,0.0,안전
37.46868142292492,126.94588185968809,0,0,0.0,안전
37.46957973409991,126.94588185968809,0,0,0.0,안전
37.4704780452749,126.94588185968809,0,0,0.0,안전
37.471376356449895,126.94588185968809,0,0,0.0,안전
37.47227466762489,126.94588185968809,0,0,0.0,안전
37.47317297879988,126.94588185968809,0,0,0.0,안전
37.47407128997487,126.94588185968809,0,0,0.0,안전
37.474969601149866,126.94588185968809,0,0,0.0,안전
37.47586791232486,126.94588185968809,0,0,0.0,안전
37.47676622349985,126.94588185968809,0,0,0.0,안전
37.477664534674844,126.94588185968809,0,0,0.0,안전
37.47856284584984,126.94588185968809,0,0,0.0,안전
37.47946115702483,126.94588185968809,0,0,0.0,안전
37.48035946819982,126.94588185968809,0,0,0.0,안전
37.481257779374815,126.94588185968809,0,0,0.0,안전
37.48215609054981,126.94588185968809,0,0,0.0,안전
37.4830544017248,126.94588185968809,0,0,0.0,안전
37.48395271289979,126.94588185968809,0,0,0.0,안전
37.484851024074786,126.94588185968809,0,0,0.0,안전
37.48574933524978,126.94588185968809,0,0,0.0,안전
37.48664764642477,126.94588185968809,0,0,0.0,안전
37.487545957599764,126.94588185968809,0,0,0.0,안전
37.48844426877476,126.94588185968809,0,0,0.0,안전
37.48934257994975,126.94588185968809,0,0,0.0,안전
37.49024089112474,126.94588185968809,0,0,0.0,안전
37.4588,126.94701390618029,0,0,0.0,안전
37.45969831117499,126.94701390618029,0,0,0.0,안전
37.46059662234998,126.94701390618029,0,0,0.0,안전
37.461494933524975,126.94701390618029,0,0,0.0,안전
37.46239324469997,126.94701390618029,0,0,0.0,안전
37.46329155587496,126.94701390618029,0,0,0.0,안전
37.46418986704995,126.94701390618029,0,0,0.0,안전
37.465088178224946,126.94701390618029,0,0,0.0,안전
37.46598648939994,126.94701390618029,0,0,0.0,안전
37.46688480057493,126.94701390618029,0,0,0.0,안전
37.467783111749924,126.94701390618029,0,0,0.0,안전
37.46868142292492,126.94701390618029,0,0,0.0,안전
37.46957973409991,126.94701390618029,0,0,0.0,안전
37.4704780452749,126.94701390618029,0,0,0.0,안전
37.471376356449895,126.94701390618029,0,0,0.0,안전
37.47227466762489,126.94701390618029,0,0,0.0,안전
37.47317297879988,126.94701390618029,0,0,0.0,안전
37.47407128997487,126.94701390618029,0,0,0.0,안전
37.474969601149866,126.94701390618029,0,0,0.0,안전
37.47586791232486,126.94701390618029,0,0,0.0,안전
37.47676622349985,126.94701390618029,0,0,0.0,안전
37.477664534674844,126.94701390618029,0,0,0.0,안전
37.47856284584984,126.94701390618029,0,0,0.0,안전
37.47946115702483,126.94701390618029,0,0,0.0,안전
37.48035946819982,126.94701390618029,0,0,0.0,안전
37.481257779374815,126.94701390618029,0,0,0.0,안전
37.48215609054981,126.94701390618029,0,0,0.0,안전
37.4830544017248,126.94701390618029,0,0,0.0,안전
37.48395271289979,126.94701390618029,0,0,0.0,안전
37.484851024074786,126.94701390618029,0,0,0.0,안전
37.48574933524978,126.94701390618029,0,0,0.0,안전
37.48664764642477,126.94701390618029,0,0,0.0,안전
37.487545957599764,126.94701390618029,0,0,0.0,안전
37.48844426877476,126.94701390618029,0,0,0.0,안전
37.48934257994975,126.94701390618029,0,0,0.0,안전
37.49024089112474,126.94701390618029,0,0,0.0,안전
37.4588,126.94814595267249,0,0,0.0,안전
37.45969831117499,126.94814595267249,0,0,0.0,안전
37.46059662234998,126.94814595267249,0,0,0.0,안전
37.461494933524975,126.94814595267249,0,0,0.0,안전
37.46239324469997,126.94814595267249,0,0,0.0,안전
37.46329155587496,126.94814595267249,0,0,0.0,안전
37.46418986704995,126.94814595267249,0,0,0.0,안전
37.465088178224946,126.94814595267249,0,0,0.0,안전
37.46598648939994,126.94814595267249,0,0,0.0,안전
37.46688480057493,126.94814595267249,0,0,0.0,안전
37.467783111749924,126.94814595267249,2,0,1.25,안전
37.46868142292492,126.94814595267249,2,0,1.25,안전
37.46957973409991,126.94814595267249,0,0,0.0,안전
37.4704780452749,126.94814595267249,0,0,0.0,안전
37.471376356449895,126.94814595267249,0,0,0.0,안전
37.47227466762489,126.94814595267249,0,0,0.0,안전
37.47317297879988,126.94814595267249,0,0,0.0,안전
37.47407128997487,126.94814595267249,0,0,0.0,안전
37.474969601149866,126.94814595267249,0,0,0.0,안전
37.47586791232486,126.94814595267249,0,0,0.0,안전
37.47676622349985,126.94814595267249,0,0,0.0,안전
37.477664534674844,126.94814595267249,0,0,0.0,안전
37.47856284584984,126.94814595267249,0,0,0.0,안전
37.47946115702483,126.94814595267249,0,0,0.0,안전
37.48035946819982,126.94814595267249,0,0,0.0,안전
37.481257779374815,126.94814595267249,0,0,0.0,안전
37.48215609054981,126.94814595267249,0,0,0.0,안전
37.4830544017248,126.94814595267249,0,0,0.0,안전
37.48395271289979,126.94814595267249,0,0,0.0,안전
37.484851024074786,126.94814595267249,0,0,0.0,안전
37.48574933524978,126.94814595267249,0,0,0.0,안전
37.48664764642477,126.94814595267249,0,0,0.0,안전
37.487545957599764,126.94814595267249,0,0,0.0,안전
37.48844426877476,126.94814595267249,0,0,0.0,안전
37.48934257994975,126.94814595267249,0,0,0.0,안전
37.49024089112474,126.94814595267249,0,0,0.0,안전
37.4588,126.94927799916469,0,0,0.0,안전
37.45969831117499,126.94927799916469,0,0,0.0,안전
37.46059662234998,126.94927799916469,0,0,0.0,안전
37.461494933524975,126.94927799916469,0,0,0.0,안전
37.46239324469997,126.94927799916469,0,0,0.0,안전
37.46329155587496,126.94927799916469,0,0,0.0,안전
37.46418986704995,126.94927799916469,0,0,0.0,안전
37.465088178224946,126.94927799916469,0,0,0.0,안전
37.46598648939994,126.94927799916469,0,0,0.0,안전
37.46688480057493,126.94927799916469,0,0,0.0,안전
37.467783111749924,126.94927799916469,1,0,0.62,안전
37.46868142292492,126.94927799916469,2,0,1.25,안전
37.46957973409991,126.94927799916469,0,0,0.0,안전
37.4704780452749,126.94927799916469,0,0,0.0,안전
37.471376356449895,126.94927799916469,0,0,0.0,안전
37.47227466762489,126.94927799916469,0,0,0.0,안전
37.47317297879988,126.94927799916469,0,0,0.0,안전
37.47407128997487,126.94927799916469,0,0,0.0,안전
37.474969601149866,126.94927799916469,0,0,0.0,안전
37.47586791232486,126.94927799916469,0,0,0.0,안전
37.47676622349985,126.94927799916469,0,0,0.0,안전
37.477664534674844,126.94927799916469,0,0,0.0,안전
37.47856284584984,126.94927799916469,0,0,0.0,안전
37.47946115702483,126.94927799916469,0,0,0.0,안전
37.48035946819982,126.94927799916469,0,0,0.0,안전
37.481257779374815,126.94927799916469,0,0,0.0,안전
37.48215609054981,126.94927799916469,0,0,0.0,안전
37.4830544017248,126.94927799916469,0,0,0.0,안전
37.48395271289979,126.94927799916469,0,0,0.0,안전
37.484851024074786,126.94927799916469,0,0,0.0,안전
37.48574933524978,126.94927799916469,0,0,0.0,안전
37.48664764642477,126.94927799916469,0,0,0.0,안전
37.487545957599764,126.94927799916469,0,0,0.0,안전
37.48844426877476,126.94927799916469,0,0,0.0,안전
37.48934257994975,126.94927799916469,0,0,0.0,안전
37.49024089112474,126.94927799916469,0,0,0.0,안전
